,estimator,estimator__criterion,estimator__splitter,estimator__n_neighbors,estimator__p,estimator__weights,estimator__n_estimators,estimator__C,estimator__multi_class,estimator__penalty,estimator__solver,estimator__l1_ratio,estimator__kernel,estimator__gamma,std,neg_log_loss
177,"SVC(C=1, break_ties=False, cache_size=200, class_weight=None, coef0=0.0,
    decision_function_shape='ovr', degree=3, gamma='scale', kernel='rbf',
    max_iter=-1, probability=True, random_state=0, shrinking=True, tol=0.001,
    verbose=False)",,,,,,,1.0,,,,,rbf,scale,0.03255886479074285,-0.27631497914496755
152,"SVC(C=1.0, break_ties=False, cache_size=200, class_weight=None, coef0=0.0,
    decision_function_shape='ovr', degree=3, gamma='scale', kernel='rbf',
    max_iter=-1, probability=True, random_state=0, shrinking=True, tol=0.001,
    verbose=False)",,,,,,,0.001,,,,,linear,,0.01945457313399095,-0.2794293488811095
153,"SVC(C=1.0, break_ties=False, cache_size=200, class_weight=None, coef0=0.0,
    decision_function_shape='ovr', degree=3, gamma='scale', kernel='rbf',
    max_iter=-1, probability=True, random_state=0, shrinking=True, tol=0.001,
    verbose=False)",,,,,,,0.01,,,,,linear,,0.02209732516461952,-0.2817564391322899
180,"SVC(C=1, break_ties=False, cache_size=200, class_weight=None, coef0=0.0,
    decision_function_shape='ovr', degree=3, gamma='scale', kernel='rbf',
    max_iter=-1, probability=True, random_state=0, shrinking=True, tol=0.001,
    verbose=False)",,,,,,,1.0,,,,,rbf,auto,0.04062121210869211,-0.2915448094144237
183,"SVC(C=1, break_ties=False, cache_size=200, class_weight=None, coef0=0.0,
    decision_function_shape='ovr', degree=3, gamma='scale', kernel='rbf',
    max_iter=-1, probability=True, random_state=0, shrinking=True, tol=0.001,
    verbose=False)",,,,,,,10.0,,,,,rbf,scale,0.04317710373898292,-0.29336918954307956
74,"RandomForestClassifier(bootstrap=True, ccp_alpha=0.0, class_weight=None,
                       criterion='gini', max_depth=None, max_features='auto',
                       max_leaf_nodes=None, max_samples=None,
                       min_impurity_decrease=0.0, min_impurity_split=None,
                       min_samples_leaf=1, min_samples_split=2,
                       min_weight_fraction_leaf=0.0, n_estimators=100,
                       n_jobs=None, oob_score=False, random_state=0, verbose=0,
                       warm_start=False)",entropy,,,,,1000.0,,,,,,,,0.07923599127134509,-0.29984873272822116
73,"RandomForestClassifier(bootstrap=True, ccp_alpha=0.0, class_weight=None,
                       criterion='gini', max_depth=None, max_features='auto',
                       max_leaf_nodes=None, max_samples=None,
                       min_impurity_decrease=0.0, min_impurity_split=None,
                       min_samples_leaf=1, min_samples_split=2,
                       min_weight_fraction_leaf=0.0, n_estimators=100,
                       n_jobs=None, oob_score=False, random_state=0, verbose=0,
                       warm_start=False)",entropy,,,,,100.0,,,,,,,,0.0758147936355397,-0.3007217108528662
154,"SVC(C=1.0, break_ties=False, cache_size=200, class_weight=None, coef0=0.0,
    decision_function_shape='ovr', degree=3, gamma='scale', kernel='rbf',
    max_iter=-1, probability=True, random_state=0, shrinking=True, tol=0.001,
    verbose=False)",,,,,,,0.1,,,,,linear,,0.01875211056187682,-0.3015790379608061
71,"RandomForestClassifier(bootstrap=True, ccp_alpha=0.0, class_weight=None,
                       criterion='gini', max_depth=None, max_features='auto',
                       max_leaf_nodes=None, max_samples=None,
                       min_impurity_decrease=0.0, min_impurity_split=None,
                       min_samples_leaf=1, min_samples_split=2,
                       min_weight_fraction_leaf=0.0, n_estimators=100,
                       n_jobs=None, oob_score=False, random_state=0, verbose=0,
                       warm_start=False)",gini,,,,,1000.0,,,,,,,,0.076434032293262,-0.30361998143209756
158,"SVC(C=1.0, break_ties=False, cache_size=200, class_weight=None, coef0=0.0,
    decision_function_shape='ovr', degree=3, gamma='scale', kernel='rbf',
    max_iter=-1, probability=True, random_state=0, shrinking=True, tol=0.001,
    verbose=False)",,,,,,,1000.0,,,,,linear,,0.013317069294709452,-0.30430711261233456
157,"SVC(C=1.0, break_ties=False, cache_size=200, class_weight=None, coef0=0.0,
    decision_function_shape='ovr', degree=3, gamma='scale', kernel='rbf',
    max_iter=-1, probability=True, random_state=0, shrinking=True, tol=0.001,
    verbose=False)",,,,,,,100.0,,,,,linear,,0.013317069294709452,-0.30430711261233456
156,"SVC(C=1.0, break_ties=False, cache_size=200, class_weight=None, coef0=0.0,
    decision_function_shape='ovr', degree=3, gamma='scale', kernel='rbf',
    max_iter=-1, probability=True, random_state=0, shrinking=True, tol=0.001,
    verbose=False)",,,,,,,10.0,,,,,linear,,0.013317069294709452,-0.30430711261233456
155,"SVC(C=1.0, break_ties=False, cache_size=200, class_weight=None, coef0=0.0,
    decision_function_shape='ovr', degree=3, gamma='scale', kernel='rbf',
    max_iter=-1, probability=True, random_state=0, shrinking=True, tol=0.001,
    verbose=False)",,,,,,,1.0,,,,,linear,,0.013316770904614689,-0.3043230356206572
70,"RandomForestClassifier(bootstrap=True, ccp_alpha=0.0, class_weight=None,
                       criterion='gini', max_depth=None, max_features='auto',
                       max_leaf_nodes=None, max_samples=None,
                       min_impurity_decrease=0.0, min_impurity_split=None,
                       min_samples_leaf=1, min_samples_split=2,
                       min_weight_fraction_leaf=0.0, n_estimators=100,
                       n_jobs=None, oob_score=False, random_state=0, verbose=0,
                       warm_start=False)",gini,,,,,100.0,,,,,,,,0.07412436754544902,-0.3150655418391217
189,"SVC(C=1, break_ties=False, cache_size=200, class_weight=None, coef0=0.0,
    decision_function_shape='ovr', degree=3, gamma='scale', kernel='rbf',
    max_iter=-1, probability=True, random_state=0, shrinking=True, tol=0.001,
    verbose=False)",,,,,,,100.0,,,,,rbf,scale,0.039717512148351765,-0.3155958789592829
186,"SVC(C=1, break_ties=False, cache_size=200, class_weight=None, coef0=0.0,
    decision_function_shape='ovr', degree=3, gamma='scale', kernel='rbf',
    max_iter=-1, probability=True, random_state=0, shrinking=True, tol=0.001,
    verbose=False)",,,,,,,10.0,,,,,rbf,auto,0.049777991186819116,-0.31648242457520076
195,"SVC(C=1, break_ties=False, cache_size=200, class_weight=None, coef0=0.0,
    decision_function_shape='ovr', degree=3, gamma='scale', kernel='rbf',
    max_iter=-1, probability=True, random_state=0, shrinking=True, tol=0.001,
    verbose=False)",,,,,,,1000.0,,,,,rbf,scale,0.03617239630971132,-0.32044267943511545
192,"SVC(C=1, break_ties=False, cache_size=200, class_weight=None, coef0=0.0,
    decision_function_shape='ovr', degree=3, gamma='scale', kernel='rbf',
    max_iter=-1, probability=True, random_state=0, shrinking=True, tol=0.001,
    verbose=False)",,,,,,,100.0,,,,,rbf,auto,0.049114700882229884,-0.33300561597324746
198,"SVC(C=1, break_ties=False, cache_size=200, class_weight=None, coef0=0.0,
    decision_function_shape='ovr', degree=3, gamma='scale', kernel='rbf',
    max_iter=-1, probability=True, random_state=0, shrinking=True, tol=0.001,
    verbose=False)",,,,,,,1000.0,,,,,rbf,auto,0.045915300836443386,-0.33480063004977373
76,"LogisticRegression(C=1.0, class_weight=None, dual=False, fit_intercept=True,
                   intercept_scaling=1, l1_ratio=None, max_iter=100,
                   multi_class='auto', n_jobs=None, penalty='l2',
                   random_state=0, solver='lbfgs', tol=0.0001, verbose=0,
                   warm_start=False)",,,,,,,0.01,auto,l2,newton-cg,,,,0.08759928545276387,-0.3827974723117649
190,"SVC(C=1, break_ties=False, cache_size=200, class_weight=None, coef0=0.0,
    decision_function_shape='ovr', degree=3, gamma='scale', kernel='rbf',
    max_iter=-1, probability=True, random_state=0, shrinking=True, tol=0.001,
    verbose=False)",,,,,,,100.0,,,,,poly,scale,0.06350436680279406,-0.3880001203845153
187,"SVC(C=1, break_ties=False, cache_size=200, class_weight=None, coef0=0.0,
    decision_function_shape='ovr', degree=3, gamma='scale', kernel='rbf',
    max_iter=-1, probability=True, random_state=0, shrinking=True, tol=0.001,
    verbose=False)",,,,,,,10.0,,,,,poly,auto,0.06651645066851544,-0.3911697819627664
124,"LogisticRegression(C=1.0, class_weight=None, dual=False, fit_intercept=True,
                   intercept_scaling=1, l1_ratio=None, max_iter=100,
                   multi_class='auto', n_jobs=None, penalty='l2',
                   random_state=0, solver='lbfgs', tol=0.0001, verbose=0,
                   warm_start=False)",,,,,,,1.0,auto,elasticnet,saga,0.9,,,0.08557817222043722,-0.39118956321076337
123,"LogisticRegression(C=1.0, class_weight=None, dual=False, fit_intercept=True,
                   intercept_scaling=1, l1_ratio=None, max_iter=100,
                   multi_class='auto', n_jobs=None, penalty='l2',
                   random_state=0, solver='lbfgs', tol=0.0001, verbose=0,
                   warm_start=False)",,,,,,,1.0,auto,elasticnet,saga,0.8,,,0.08595091996340073,-0.39142016685897646
122,"LogisticRegression(C=1.0, class_weight=None, dual=False, fit_intercept=True,
                   intercept_scaling=1, l1_ratio=None, max_iter=100,
                   multi_class='auto', n_jobs=None, penalty='l2',
                   random_state=0, solver='lbfgs', tol=0.0001, verbose=0,
                   warm_start=False)",,,,,,,1.0,auto,elasticnet,saga,0.7,,,0.08650039019442286,-0.39191171066732194
107,"LogisticRegression(C=1.0, class_weight=None, dual=False, fit_intercept=True,
                   intercept_scaling=1, l1_ratio=None, max_iter=100,
                   multi_class='auto', n_jobs=None, penalty='l2',
                   random_state=0, solver='lbfgs', tol=0.0001, verbose=0,
                   warm_start=False)",,,,,,,0.1,auto,elasticnet,saga,0.1,,,0.08532897814841967,-0.3924830906845337
121,"LogisticRegression(C=1.0, class_weight=None, dual=False, fit_intercept=True,
                   intercept_scaling=1, l1_ratio=None, max_iter=100,
                   multi_class='auto', n_jobs=None, penalty='l2',
                   random_state=0, solver='lbfgs', tol=0.0001, verbose=0,
                   warm_start=False)",,,,,,,1.0,auto,elasticnet,saga,0.6,,,0.0872164915277665,-0.39264410723949605
120,"LogisticRegression(C=1.0, class_weight=None, dual=False, fit_intercept=True,
                   intercept_scaling=1, l1_ratio=None, max_iter=100,
                   multi_class='auto', n_jobs=None, penalty='l2',
                   random_state=0, solver='lbfgs', tol=0.0001, verbose=0,
                   warm_start=False)",,,,,,,1.0,auto,elasticnet,saga,0.5,,,0.08814578266116327,-0.39372624615847335
119,"LogisticRegression(C=1.0, class_weight=None, dual=False, fit_intercept=True,
                   intercept_scaling=1, l1_ratio=None, max_iter=100,
                   multi_class='auto', n_jobs=None, penalty='l2',
                   random_state=0, solver='lbfgs', tol=0.0001, verbose=0,
                   warm_start=False)",,,,,,,1.0,auto,elasticnet,saga,0.4,,,0.08917127489159338,-0.39515022323681087
174,"SVC(C=1, break_ties=False, cache_size=200, class_weight=None, coef0=0.0,
    decision_function_shape='ovr', degree=3, gamma='scale', kernel='rbf',
    max_iter=-1, probability=True, random_state=0, shrinking=True, tol=0.001,
    verbose=False)",,,,,,,0.1,,,,,rbf,auto,0.03574245275641242,-0.3966732578796144
118,"LogisticRegression(C=1.0, class_weight=None, dual=False, fit_intercept=True,
                   intercept_scaling=1, l1_ratio=None, max_iter=100,
                   multi_class='auto', n_jobs=None, penalty='l2',
                   random_state=0, solver='lbfgs', tol=0.0001, verbose=0,
                   warm_start=False)",,,,,,,1.0,auto,elasticnet,saga,0.3,,,0.09034427293570085,-0.39689299793794974
108,"LogisticRegression(C=1.0, class_weight=None, dual=False, fit_intercept=True,
                   intercept_scaling=1, l1_ratio=None, max_iter=100,
                   multi_class='auto', n_jobs=None, penalty='l2',
                   random_state=0, solver='lbfgs', tol=0.0001, verbose=0,
                   warm_start=False)",,,,,,,0.1,auto,elasticnet,saga,0.2,,,0.08183024462543502,-0.3987805244113168
117,"LogisticRegression(C=1.0, class_weight=None, dual=False, fit_intercept=True,
                   intercept_scaling=1, l1_ratio=None, max_iter=100,
                   multi_class='auto', n_jobs=None, penalty='l2',
                   random_state=0, solver='lbfgs', tol=0.0001, verbose=0,
                   warm_start=False)",,,,,,,1.0,auto,elasticnet,saga,0.2,,,0.09174126413750071,-0.39909056512513064
116,"LogisticRegression(C=1.0, class_weight=None, dual=False, fit_intercept=True,
                   intercept_scaling=1, l1_ratio=None, max_iter=100,
                   multi_class='auto', n_jobs=None, penalty='l2',
                   random_state=0, solver='lbfgs', tol=0.0001, verbose=0,
                   warm_start=False)",,,,,,,1.0,auto,elasticnet,saga,0.1,,,0.09334982129134785,-0.401807851792475
133,"LogisticRegression(C=1.0, class_weight=None, dual=False, fit_intercept=True,
                   intercept_scaling=1, l1_ratio=None, max_iter=100,
                   multi_class='auto', n_jobs=None, penalty='l2',
                   random_state=0, solver='lbfgs', tol=0.0001, verbose=0,
                   warm_start=False)",,,,,,,10.0,auto,elasticnet,saga,0.9,,,0.09364502370516806,-0.4022166986222566
132,"LogisticRegression(C=1.0, class_weight=None, dual=False, fit_intercept=True,
                   intercept_scaling=1, l1_ratio=None, max_iter=100,
                   multi_class='auto', n_jobs=None, penalty='l2',
                   random_state=0, solver='lbfgs', tol=0.0001, verbose=0,
                   warm_start=False)",,,,,,,10.0,auto,elasticnet,saga,0.8,,,0.09382111517397074,-0.40252334024988606
131,"LogisticRegression(C=1.0, class_weight=None, dual=False, fit_intercept=True,
                   intercept_scaling=1, l1_ratio=None, max_iter=100,
                   multi_class='auto', n_jobs=None, penalty='l2',
                   random_state=0, solver='lbfgs', tol=0.0001, verbose=0,
                   warm_start=False)",,,,,,,10.0,auto,elasticnet,saga,0.7,,,0.09400042897174782,-0.4028366542441945
130,"LogisticRegression(C=1.0, class_weight=None, dual=False, fit_intercept=True,
                   intercept_scaling=1, l1_ratio=None, max_iter=100,
                   multi_class='auto', n_jobs=None, penalty='l2',
                   random_state=0, solver='lbfgs', tol=0.0001, verbose=0,
                   warm_start=False)",,,,,,,10.0,auto,elasticnet,saga,0.6,,,0.09418550379508164,-0.40315861468833214
129,"LogisticRegression(C=1.0, class_weight=None, dual=False, fit_intercept=True,
                   intercept_scaling=1, l1_ratio=None, max_iter=100,
                   multi_class='auto', n_jobs=None, penalty='l2',
                   random_state=0, solver='lbfgs', tol=0.0001, verbose=0,
                   warm_start=False)",,,,,,,10.0,auto,elasticnet,saga,0.5,,,0.09437411810948929,-0.4034850898159769
128,"LogisticRegression(C=1.0, class_weight=None, dual=False, fit_intercept=True,
                   intercept_scaling=1, l1_ratio=None, max_iter=100,
                   multi_class='auto', n_jobs=None, penalty='l2',
                   random_state=0, solver='lbfgs', tol=0.0001, verbose=0,
                   warm_start=False)",,,,,,,10.0,auto,elasticnet,saga,0.4,,,0.09456460937768575,-0.40381575512205475
127,"LogisticRegression(C=1.0, class_weight=None, dual=False, fit_intercept=True,
                   intercept_scaling=1, l1_ratio=None, max_iter=100,
                   multi_class='auto', n_jobs=None, penalty='l2',
                   random_state=0, solver='lbfgs', tol=0.0001, verbose=0,
                   warm_start=False)",,,,,,,10.0,auto,elasticnet,saga,0.3,,,0.09475934660762456,-0.404153203260667
126,"LogisticRegression(C=1.0, class_weight=None, dual=False, fit_intercept=True,
                   intercept_scaling=1, l1_ratio=None, max_iter=100,
                   multi_class='auto', n_jobs=None, penalty='l2',
                   random_state=0, solver='lbfgs', tol=0.0001, verbose=0,
                   warm_start=False)",,,,,,,10.0,auto,elasticnet,saga,0.2,,,0.09496093474174803,-0.40449773821676166
125,"LogisticRegression(C=1.0, class_weight=None, dual=False, fit_intercept=True,
                   intercept_scaling=1, l1_ratio=None, max_iter=100,
                   multi_class='auto', n_jobs=None, penalty='l2',
                   random_state=0, solver='lbfgs', tol=0.0001, verbose=0,
                   warm_start=False)",,,,,,,10.0,auto,elasticnet,saga,0.1,,,0.09516432454586246,-0.4048464647392766
142,"LogisticRegression(C=1.0, class_weight=None, dual=False, fit_intercept=True,
                   intercept_scaling=1, l1_ratio=None, max_iter=100,
                   multi_class='auto', n_jobs=None, penalty='l2',
                   random_state=0, solver='lbfgs', tol=0.0001, verbose=0,
                   warm_start=False)",,,,,,,100.0,auto,elasticnet,saga,0.9,,,0.09519904751459483,-0.4048957466997385
141,"LogisticRegression(C=1.0, class_weight=None, dual=False, fit_intercept=True,
                   intercept_scaling=1, l1_ratio=None, max_iter=100,
                   multi_class='auto', n_jobs=None, penalty='l2',
                   random_state=0, solver='lbfgs', tol=0.0001, verbose=0,
                   warm_start=False)",,,,,,,100.0,auto,elasticnet,saga,0.8,,,0.09521962992937853,-0.404930962356391
140,"LogisticRegression(C=1.0, class_weight=None, dual=False, fit_intercept=True,
                   intercept_scaling=1, l1_ratio=None, max_iter=100,
                   multi_class='auto', n_jobs=None, penalty='l2',
                   random_state=0, solver='lbfgs', tol=0.0001, verbose=0,
                   warm_start=False)",,,,,,,100.0,auto,elasticnet,saga,0.7,,,0.09524025934187295,-0.40496624908946866
139,"LogisticRegression(C=1.0, class_weight=None, dual=False, fit_intercept=True,
                   intercept_scaling=1, l1_ratio=None, max_iter=100,
                   multi_class='auto', n_jobs=None, penalty='l2',
                   random_state=0, solver='lbfgs', tol=0.0001, verbose=0,
                   warm_start=False)",,,,,,,100.0,auto,elasticnet,saga,0.6,,,0.09526094171541728,-0.40500158217317517
138,"LogisticRegression(C=1.0, class_weight=None, dual=False, fit_intercept=True,
                   intercept_scaling=1, l1_ratio=None, max_iter=100,
                   multi_class='auto', n_jobs=None, penalty='l2',
                   random_state=0, solver='lbfgs', tol=0.0001, verbose=0,
                   warm_start=False)",,,,,,,100.0,auto,elasticnet,saga,0.5,,,0.09528167175903536,-0.4050369636240695
137,"LogisticRegression(C=1.0, class_weight=None, dual=False, fit_intercept=True,
                   intercept_scaling=1, l1_ratio=None, max_iter=100,
                   multi_class='auto', n_jobs=None, penalty='l2',
                   random_state=0, solver='lbfgs', tol=0.0001, verbose=0,
                   warm_start=False)",,,,,,,100.0,auto,elasticnet,saga,0.4,,,0.09530244866059231,-0.4050723783148849
136,"LogisticRegression(C=1.0, class_weight=None, dual=False, fit_intercept=True,
                   intercept_scaling=1, l1_ratio=None, max_iter=100,
                   multi_class='auto', n_jobs=None, penalty='l2',
                   random_state=0, solver='lbfgs', tol=0.0001, verbose=0,
                   warm_start=False)",,,,,,,100.0,auto,elasticnet,saga,0.3,,,0.09532325273405261,-0.405107866503749
135,"LogisticRegression(C=1.0, class_weight=None, dual=False, fit_intercept=True,
                   intercept_scaling=1, l1_ratio=None, max_iter=100,
                   multi_class='auto', n_jobs=None, penalty='l2',
                   random_state=0, solver='lbfgs', tol=0.0001, verbose=0,
                   warm_start=False)",,,,,,,100.0,auto,elasticnet,saga,0.2,,,0.09534409679933588,-0.40514341106455276
134,"LogisticRegression(C=1.0, class_weight=None, dual=False, fit_intercept=True,
                   intercept_scaling=1, l1_ratio=None, max_iter=100,
                   multi_class='auto', n_jobs=None, penalty='l2',
                   random_state=0, solver='lbfgs', tol=0.0001, verbose=0,
                   warm_start=False)",,,,,,,100.0,auto,elasticnet,saga,0.1,,,0.09536497817355617,-0.4051790272420184
151,"LogisticRegression(C=1.0, class_weight=None, dual=False, fit_intercept=True,
                   intercept_scaling=1, l1_ratio=None, max_iter=100,
                   multi_class='auto', n_jobs=None, penalty='l2',
                   random_state=0, solver='lbfgs', tol=0.0001, verbose=0,
                   warm_start=False)",,,,,,,1000.0,auto,elasticnet,saga,0.9,,,0.09536851127833172,-0.4051840420638474
150,"LogisticRegression(C=1.0, class_weight=None, dual=False, fit_intercept=True,
                   intercept_scaling=1, l1_ratio=None, max_iter=100,
                   multi_class='auto', n_jobs=None, penalty='l2',
                   random_state=0, solver='lbfgs', tol=0.0001, verbose=0,
                   warm_start=False)",,,,,,,1000.0,auto,elasticnet,saga,0.8,,,0.09537060384222448,-0.40518760704892404
149,"LogisticRegression(C=1.0, class_weight=None, dual=False, fit_intercept=True,
                   intercept_scaling=1, l1_ratio=None, max_iter=100,
                   multi_class='auto', n_jobs=None, penalty='l2',
                   random_state=0, solver='lbfgs', tol=0.0001, verbose=0,
                   warm_start=False)",,,,,,,1000.0,auto,elasticnet,saga,0.7,,,0.0953726969389476,-0.4051911726147608
148,"LogisticRegression(C=1.0, class_weight=None, dual=False, fit_intercept=True,
                   intercept_scaling=1, l1_ratio=None, max_iter=100,
                   multi_class='auto', n_jobs=None, penalty='l2',
                   random_state=0, solver='lbfgs', tol=0.0001, verbose=0,
                   warm_start=False)",,,,,,,1000.0,auto,elasticnet,saga,0.6,,,0.0953747903724478,-0.40519473901900255
147,"LogisticRegression(C=1.0, class_weight=None, dual=False, fit_intercept=True,
                   intercept_scaling=1, l1_ratio=None, max_iter=100,
                   multi_class='auto', n_jobs=None, penalty='l2',
                   random_state=0, solver='lbfgs', tol=0.0001, verbose=0,
                   warm_start=False)",,,,,,,1000.0,auto,elasticnet,saga,0.5,,,0.09537688440750425,-0.4051983059293537
146,"LogisticRegression(C=1.0, class_weight=None, dual=False, fit_intercept=True,
                   intercept_scaling=1, l1_ratio=None, max_iter=100,
                   multi_class='auto', n_jobs=None, penalty='l2',
                   random_state=0, solver='lbfgs', tol=0.0001, verbose=0,
                   warm_start=False)",,,,,,,1000.0,auto,elasticnet,saga,0.4,,,0.09537897901568183,-0.40520187367377875
145,"LogisticRegression(C=1.0, class_weight=None, dual=False, fit_intercept=True,
                   intercept_scaling=1, l1_ratio=None, max_iter=100,
                   multi_class='auto', n_jobs=None, penalty='l2',
                   random_state=0, solver='lbfgs', tol=0.0001, verbose=0,
                   warm_start=False)",,,,,,,1000.0,auto,elasticnet,saga,0.3,,,0.09538107405095278,-0.4052054420285193
144,"LogisticRegression(C=1.0, class_weight=None, dual=False, fit_intercept=True,
                   intercept_scaling=1, l1_ratio=None, max_iter=100,
                   multi_class='auto', n_jobs=None, penalty='l2',
                   random_state=0, solver='lbfgs', tol=0.0001, verbose=0,
                   warm_start=False)",,,,,,,1000.0,auto,elasticnet,saga,0.2,,,0.09538316946492878,-0.40520901092696787
143,"LogisticRegression(C=1.0, class_weight=None, dual=False, fit_intercept=True,
                   intercept_scaling=1, l1_ratio=None, max_iter=100,
                   multi_class='auto', n_jobs=None, penalty='l2',
                   random_state=0, solver='lbfgs', tol=0.0001, verbose=0,
                   warm_start=False)",,,,,,,1000.0,auto,elasticnet,saga,0.1,,,0.09538526535616272,-0.40521258044034913
109,"LogisticRegression(C=1.0, class_weight=None, dual=False, fit_intercept=True,
                   intercept_scaling=1, l1_ratio=None, max_iter=100,
                   multi_class='auto', n_jobs=None, penalty='l2',
                   random_state=0, solver='lbfgs', tol=0.0001, verbose=0,
                   warm_start=False)",,,,,,,0.1,auto,elasticnet,saga,0.3,,,0.07963320863832185,-0.40939329491549986
110,"LogisticRegression(C=1.0, class_weight=None, dual=False, fit_intercept=True,
                   intercept_scaling=1, l1_ratio=None, max_iter=100,
                   multi_class='auto', n_jobs=None, penalty='l2',
                   random_state=0, solver='lbfgs', tol=0.0001, verbose=0,
                   warm_start=False)",,,,,,,0.1,auto,elasticnet,saga,0.4,,,0.07855383681623761,-0.421645497423411
193,"SVC(C=1, break_ties=False, cache_size=200, class_weight=None, coef0=0.0,
    decision_function_shape='ovr', degree=3, gamma='scale', kernel='rbf',
    max_iter=-1, probability=True, random_state=0, shrinking=True, tol=0.001,
    verbose=False)",,,,,,,100.0,,,,,poly,auto,0.04536394082245822,-0.42388244501406946
85,"LogisticRegression(C=1.0, class_weight=None, dual=False, fit_intercept=True,
                   intercept_scaling=1, l1_ratio=None, max_iter=100,
                   multi_class='auto', n_jobs=None, penalty='l2',
                   random_state=0, solver='lbfgs', tol=0.0001, verbose=0,
                   warm_start=False)",,,,,,,1.0,auto,l1,liblinear,,,,0.03443529932158371,-0.4351134754565771
111,"LogisticRegression(C=1.0, class_weight=None, dual=False, fit_intercept=True,
                   intercept_scaling=1, l1_ratio=None, max_iter=100,
                   multi_class='auto', n_jobs=None, penalty='l2',
                   random_state=0, solver='lbfgs', tol=0.0001, verbose=0,
                   warm_start=False)",,,,,,,0.1,auto,elasticnet,saga,0.5,,,0.07708473717420257,-0.43518734479486326
77,"LogisticRegression(C=1.0, class_weight=None, dual=False, fit_intercept=True,
                   intercept_scaling=1, l1_ratio=None, max_iter=100,
                   multi_class='auto', n_jobs=None, penalty='l2',
                   random_state=0, solver='lbfgs', tol=0.0001, verbose=0,
                   warm_start=False)",,,,,,,0.1,auto,l2,newton-cg,,,,0.08165749754470412,-0.43629449257015535
112,"LogisticRegression(C=1.0, class_weight=None, dual=False, fit_intercept=True,
                   intercept_scaling=1, l1_ratio=None, max_iter=100,
                   multi_class='auto', n_jobs=None, penalty='l2',
                   random_state=0, solver='lbfgs', tol=0.0001, verbose=0,
                   warm_start=False)",,,,,,,0.1,auto,elasticnet,saga,0.6,,,0.06941899131269699,-0.4452557341075225
184,"SVC(C=1, break_ties=False, cache_size=200, class_weight=None, coef0=0.0,
    decision_function_shape='ovr', degree=3, gamma='scale', kernel='rbf',
    max_iter=-1, probability=True, random_state=0, shrinking=True, tol=0.001,
    verbose=False)",,,,,,,10.0,,,,,poly,scale,0.04849389634214426,-0.44936421056055353
196,"SVC(C=1, break_ties=False, cache_size=200, class_weight=None, coef0=0.0,
    decision_function_shape='ovr', degree=3, gamma='scale', kernel='rbf',
    max_iter=-1, probability=True, random_state=0, shrinking=True, tol=0.001,
    verbose=False)",,,,,,,1000.0,,,,,poly,scale,0.06919035874973783,-0.4523662244835147
113,"LogisticRegression(C=1.0, class_weight=None, dual=False, fit_intercept=True,
                   intercept_scaling=1, l1_ratio=None, max_iter=100,
                   multi_class='auto', n_jobs=None, penalty='l2',
                   random_state=0, solver='lbfgs', tol=0.0001, verbose=0,
                   warm_start=False)",,,,,,,0.1,auto,elasticnet,saga,0.7,,,0.06343441826274214,-0.45607619143117223
171,"SVC(C=1, break_ties=False, cache_size=200, class_weight=None, coef0=0.0,
    decision_function_shape='ovr', degree=3, gamma='scale', kernel='rbf',
    max_iter=-1, probability=True, random_state=0, shrinking=True, tol=0.001,
    verbose=False)",,,,,,,0.1,,,,,rbf,scale,0.040726287091139464,-0.4650774241349903
114,"LogisticRegression(C=1.0, class_weight=None, dual=False, fit_intercept=True,
                   intercept_scaling=1, l1_ratio=None, max_iter=100,
                   multi_class='auto', n_jobs=None, penalty='l2',
                   random_state=0, solver='lbfgs', tol=0.0001, verbose=0,
                   warm_start=False)",,,,,,,0.1,auto,elasticnet,saga,0.8,,,0.058496351101255645,-0.46735548295325624
199,"SVC(C=1, break_ties=False, cache_size=200, class_weight=None, coef0=0.0,
    decision_function_shape='ovr', degree=3, gamma='scale', kernel='rbf',
    max_iter=-1, probability=True, random_state=0, shrinking=True, tol=0.001,
    verbose=False)",,,,,,,1000.0,,,,,poly,auto,0.08922560065725026,-0.47114119449904135
115,"LogisticRegression(C=1.0, class_weight=None, dual=False, fit_intercept=True,
                   intercept_scaling=1, l1_ratio=None, max_iter=100,
                   multi_class='auto', n_jobs=None, penalty='l2',
                   random_state=0, solver='lbfgs', tol=0.0001, verbose=0,
                   warm_start=False)",,,,,,,0.1,auto,elasticnet,saga,0.9,,,0.05428848401062513,-0.47914874217804165
98,"LogisticRegression(C=1.0, class_weight=None, dual=False, fit_intercept=True,
                   intercept_scaling=1, l1_ratio=None, max_iter=100,
                   multi_class='auto', n_jobs=None, penalty='l2',
                   random_state=0, solver='lbfgs', tol=0.0001, verbose=0,
                   warm_start=False)",,,,,,,0.01,auto,elasticnet,saga,0.1,,,0.05624575908072189,-0.5231400812966843
72,"RandomForestClassifier(bootstrap=True, ccp_alpha=0.0, class_weight=None,
                       criterion='gini', max_depth=None, max_features='auto',
                       max_leaf_nodes=None, max_samples=None,
                       min_impurity_decrease=0.0, min_impurity_split=None,
                       min_samples_leaf=1, min_samples_split=2,
                       min_weight_fraction_leaf=0.0, n_estimators=100,
                       n_jobs=None, oob_score=False, random_state=0, verbose=0,
                       warm_start=False)",entropy,,,,,10.0,,,,,,,,0.205263397444729,-0.5241693514093942
75,"LogisticRegression(C=1.0, class_weight=None, dual=False, fit_intercept=True,
                   intercept_scaling=1, l1_ratio=None, max_iter=100,
                   multi_class='auto', n_jobs=None, penalty='l2',
                   random_state=0, solver='lbfgs', tol=0.0001, verbose=0,
                   warm_start=False)",,,,,,,0.001,auto,l2,newton-cg,,,,0.07839137508046894,-0.5425092761164872
179,"SVC(C=1, break_ties=False, cache_size=200, class_weight=None, coef0=0.0,
    decision_function_shape='ovr', degree=3, gamma='scale', kernel='rbf',
    max_iter=-1, probability=True, random_state=0, shrinking=True, tol=0.001,
    verbose=False)",,,,,,,1.0,,,,,sigmoid,scale,0.01785367730414984,-0.555969117984598
86,"LogisticRegression(C=1.0, class_weight=None, dual=False, fit_intercept=True,
                   intercept_scaling=1, l1_ratio=None, max_iter=100,
                   multi_class='auto', n_jobs=None, penalty='l2',
                   random_state=0, solver='lbfgs', tol=0.0001, verbose=0,
                   warm_start=False)",,,,,,,10.0,auto,l1,liblinear,,,,0.058762622584269786,-0.5809392123430783
84,"LogisticRegression(C=1.0, class_weight=None, dual=False, fit_intercept=True,
                   intercept_scaling=1, l1_ratio=None, max_iter=100,
                   multi_class='auto', n_jobs=None, penalty='l2',
                   random_state=0, solver='lbfgs', tol=0.0001, verbose=0,
                   warm_start=False)",,,,,,,0.1,auto,l1,liblinear,,,,0.017898011301015062,-0.5924709522243927
78,"LogisticRegression(C=1.0, class_weight=None, dual=False, fit_intercept=True,
                   intercept_scaling=1, l1_ratio=None, max_iter=100,
                   multi_class='auto', n_jobs=None, penalty='l2',
                   random_state=0, solver='lbfgs', tol=0.0001, verbose=0,
                   warm_start=False)",,,,,,,1.0,auto,l2,newton-cg,,,,0.08531380113471934,-0.6162618482339978
173,"SVC(C=1, break_ties=False, cache_size=200, class_weight=None, coef0=0.0,
    decision_function_shape='ovr', degree=3, gamma='scale', kernel='rbf',
    max_iter=-1, probability=True, random_state=0, shrinking=True, tol=0.001,
    verbose=False)",,,,,,,0.1,,,,,sigmoid,scale,0.033199954811049794,-0.6329233913391088
99,"LogisticRegression(C=1.0, class_weight=None, dual=False, fit_intercept=True,
                   intercept_scaling=1, l1_ratio=None, max_iter=100,
                   multi_class='auto', n_jobs=None, penalty='l2',
                   random_state=0, solver='lbfgs', tol=0.0001, verbose=0,
                   warm_start=False)",,,,,,,0.01,auto,elasticnet,saga,0.2,,,0.03629762035630311,-0.6428702695334879
176,"SVC(C=1, break_ties=False, cache_size=200, class_weight=None, coef0=0.0,
    decision_function_shape='ovr', degree=3, gamma='scale', kernel='rbf',
    max_iter=-1, probability=True, random_state=0, shrinking=True, tol=0.001,
    verbose=False)",,,,,,,0.1,,,,,sigmoid,auto,0.02659726702496383,-0.6506308877309692
181,"SVC(C=1, break_ties=False, cache_size=200, class_weight=None, coef0=0.0,
    decision_function_shape='ovr', degree=3, gamma='scale', kernel='rbf',
    max_iter=-1, probability=True, random_state=0, shrinking=True, tol=0.001,
    verbose=False)",,,,,,,1.0,,,,,poly,auto,0.01513434509018828,-0.6700139917689716
182,"SVC(C=1, break_ties=False, cache_size=200, class_weight=None, coef0=0.0,
    decision_function_shape='ovr', degree=3, gamma='scale', kernel='rbf',
    max_iter=-1, probability=True, random_state=0, shrinking=True, tol=0.001,
    verbose=False)",,,,,,,1.0,,,,,sigmoid,auto,0.01386702489918384,-0.6760822730166915
185,"SVC(C=1, break_ties=False, cache_size=200, class_weight=None, coef0=0.0,
    decision_function_shape='ovr', degree=3, gamma='scale', kernel='rbf',
    max_iter=-1, probability=True, random_state=0, shrinking=True, tol=0.001,
    verbose=False)",,,,,,,10.0,,,,,sigmoid,scale,0.04841471359244977,-0.7395605271645025
100,"LogisticRegression(C=1.0, class_weight=None, dual=False, fit_intercept=True,
                   intercept_scaling=1, l1_ratio=None, max_iter=100,
                   multi_class='auto', n_jobs=None, penalty='l2',
                   random_state=0, solver='lbfgs', tol=0.0001, verbose=0,
                   warm_start=False)",,,,,,,0.01,auto,elasticnet,saga,0.3,,,0.03241714575569879,-0.7541328507477854
69,"RandomForestClassifier(bootstrap=True, ccp_alpha=0.0, class_weight=None,
                       criterion='gini', max_depth=None, max_features='auto',
                       max_leaf_nodes=None, max_samples=None,
                       min_impurity_decrease=0.0, min_impurity_split=None,
                       min_samples_leaf=1, min_samples_split=2,
                       min_weight_fraction_leaf=0.0, n_estimators=100,
                       n_jobs=None, oob_score=False, random_state=0, verbose=0,
                       warm_start=False)",gini,,,,,10.0,,,,,,,,0.17468873803057,-0.774851126921595
87,"LogisticRegression(C=1.0, class_weight=None, dual=False, fit_intercept=True,
                   intercept_scaling=1, l1_ratio=None, max_iter=100,
                   multi_class='auto', n_jobs=None, penalty='l2',
                   random_state=0, solver='lbfgs', tol=0.0001, verbose=0,
                   warm_start=False)",,,,,,,100.0,auto,l1,liblinear,,,,0.13153433442375154,-0.7828576438366944
79,"LogisticRegression(C=1.0, class_weight=None, dual=False, fit_intercept=True,
                   intercept_scaling=1, l1_ratio=None, max_iter=100,
                   multi_class='auto', n_jobs=None, penalty='l2',
                   random_state=0, solver='lbfgs', tol=0.0001, verbose=0,
                   warm_start=False)",,,,,,,10.0,auto,l2,newton-cg,,,,0.07684954583328654,-0.8340052829604877
101,"LogisticRegression(C=1.0, class_weight=None, dual=False, fit_intercept=True,
                   intercept_scaling=1, l1_ratio=None, max_iter=100,
                   multi_class='auto', n_jobs=None, penalty='l2',
                   random_state=0, solver='lbfgs', tol=0.0001, verbose=0,
                   warm_start=False)",,,,,,,0.01,auto,elasticnet,saga,0.4,,,0.03080045821456587,-0.862807825323391
88,"LogisticRegression(C=1.0, class_weight=None, dual=False, fit_intercept=True,
                   intercept_scaling=1, l1_ratio=None, max_iter=100,
                   multi_class='auto', n_jobs=None, penalty='l2',
                   random_state=0, solver='lbfgs', tol=0.0001, verbose=0,
                   warm_start=False)",,,,,,,1000.0,auto,l1,liblinear,,,,0.11907089568699282,-0.8748947909038505
178,"SVC(C=1, break_ties=False, cache_size=200, class_weight=None, coef0=0.0,
    decision_function_shape='ovr', degree=3, gamma='scale', kernel='rbf',
    max_iter=-1, probability=True, random_state=0, shrinking=True, tol=0.001,
    verbose=False)",,,,,,,1.0,,,,,poly,scale,0.04221348939370902,-0.8758453800727342
191,"SVC(C=1, break_ties=False, cache_size=200, class_weight=None, coef0=0.0,
    decision_function_shape='ovr', degree=3, gamma='scale', kernel='rbf',
    max_iter=-1, probability=True, random_state=0, shrinking=True, tol=0.001,
    verbose=False)",,,,,,,100.0,,,,,sigmoid,scale,0.13109193723758683,-0.8857398412194227
188,"SVC(C=1, break_ties=False, cache_size=200, class_weight=None, coef0=0.0,
    decision_function_shape='ovr', degree=3, gamma='scale', kernel='rbf',
    max_iter=-1, probability=True, random_state=0, shrinking=True, tol=0.001,
    verbose=False)",,,,,,,10.0,,,,,sigmoid,auto,0.09102598929013545,-0.8978340795925948
197,"SVC(C=1, break_ties=False, cache_size=200, class_weight=None, coef0=0.0,
    decision_function_shape='ovr', degree=3, gamma='scale', kernel='rbf',
    max_iter=-1, probability=True, random_state=0, shrinking=True, tol=0.001,
    verbose=False)",,,,,,,1000.0,,,,,sigmoid,scale,0.1428789131513844,-0.9309641929867207
102,"LogisticRegression(C=1.0, class_weight=None, dual=False, fit_intercept=True,
                   intercept_scaling=1, l1_ratio=None, max_iter=100,
                   multi_class='auto', n_jobs=None, penalty='l2',
                   random_state=0, solver='lbfgs', tol=0.0001, verbose=0,
                   warm_start=False)",,,,,,,0.01,auto,elasticnet,saga,0.5,,,0.03362083288920619,-0.9656231321237636
194,"SVC(C=1, break_ties=False, cache_size=200, class_weight=None, coef0=0.0,
    decision_function_shape='ovr', degree=3, gamma='scale', kernel='rbf',
    max_iter=-1, probability=True, random_state=0, shrinking=True, tol=0.001,
    verbose=False)",,,,,,,100.0,,,,,sigmoid,auto,0.12746297115312702,-1.0227907881258944
80,"LogisticRegression(C=1.0, class_weight=None, dual=False, fit_intercept=True,
                   intercept_scaling=1, l1_ratio=None, max_iter=100,
                   multi_class='auto', n_jobs=None, penalty='l2',
                   random_state=0, solver='lbfgs', tol=0.0001, verbose=0,
                   warm_start=False)",,,,,,,100.0,auto,l2,newton-cg,,,,0.05951023025807307,-1.0505672816978902
103,"LogisticRegression(C=1.0, class_weight=None, dual=False, fit_intercept=True,
                   intercept_scaling=1, l1_ratio=None, max_iter=100,
                   multi_class='auto', n_jobs=None, penalty='l2',
                   random_state=0, solver='lbfgs', tol=0.0001, verbose=0,
                   warm_start=False)",,,,,,,0.01,auto,elasticnet,saga,0.6,,,0.036334734438202246,-1.0583521453768476
175,"SVC(C=1, break_ties=False, cache_size=200, class_weight=None, coef0=0.0,
    decision_function_shape='ovr', degree=3, gamma='scale', kernel='rbf',
    max_iter=-1, probability=True, random_state=0, shrinking=True, tol=0.001,
    verbose=False)",,,,,,,0.1,,,,,poly,auto,0.08433422236089491,-1.0680903300141855
200,"SVC(C=1, break_ties=False, cache_size=200, class_weight=None, coef0=0.0,
    decision_function_shape='ovr', degree=3, gamma='scale', kernel='rbf',
    max_iter=-1, probability=True, random_state=0, shrinking=True, tol=0.001,
    verbose=False)",,,,,,,1000.0,,,,,sigmoid,auto,0.1417029217294167,-1.1116529709191911
104,"LogisticRegression(C=1.0, class_weight=None, dual=False, fit_intercept=True,
                   intercept_scaling=1, l1_ratio=None, max_iter=100,
                   multi_class='auto', n_jobs=None, penalty='l2',
                   random_state=0, solver='lbfgs', tol=0.0001, verbose=0,
                   warm_start=False)",,,,,,,0.01,auto,elasticnet,saga,0.7,,,0.03906258538781945,-1.1459484113574607
105,"LogisticRegression(C=1.0, class_weight=None, dual=False, fit_intercept=True,
                   intercept_scaling=1, l1_ratio=None, max_iter=100,
                   multi_class='auto', n_jobs=None, penalty='l2',
                   random_state=0, solver='lbfgs', tol=0.0001, verbose=0,
                   warm_start=False)",,,,,,,0.01,auto,elasticnet,saga,0.8,,,0.035087563343912206,-1.2270426035715503
81,"LogisticRegression(C=1.0, class_weight=None, dual=False, fit_intercept=True,
                   intercept_scaling=1, l1_ratio=None, max_iter=100,
                   multi_class='auto', n_jobs=None, penalty='l2',
                   random_state=0, solver='lbfgs', tol=0.0001, verbose=0,
                   warm_start=False)",,,,,,,1000.0,auto,l2,newton-cg,,,,0.10062366109546197,-1.2617752051145708
106,"LogisticRegression(C=1.0, class_weight=None, dual=False, fit_intercept=True,
                   intercept_scaling=1, l1_ratio=None, max_iter=100,
                   multi_class='auto', n_jobs=None, penalty='l2',
                   random_state=0, solver='lbfgs', tol=0.0001, verbose=0,
                   warm_start=False)",,,,,,,0.01,auto,elasticnet,saga,0.9,,,0.031063444899204522,-1.2973273939019991
172,"SVC(C=1, break_ties=False, cache_size=200, class_weight=None, coef0=0.0,
    decision_function_shape='ovr', degree=3, gamma='scale', kernel='rbf',
    max_iter=-1, probability=True, random_state=0, shrinking=True, tol=0.001,
    verbose=False)",,,,,,,0.1,,,,,poly,scale,0.15791539742081895,-1.454102746685545
89,"LogisticRegression(C=1.0, class_weight=None, dual=False, fit_intercept=True,
                   intercept_scaling=1, l1_ratio=None, max_iter=100,
                   multi_class='auto', n_jobs=None, penalty='l2',
                   random_state=0, solver='lbfgs', tol=0.0001, verbose=0,
                   warm_start=False)",,,,,,,0.001,auto,elasticnet,saga,0.1,,,0.03358190040231556,-1.5281750680198252
66,"KNeighborsClassifier(algorithm='auto', leaf_size=30, metric='minkowski',
                     metric_params=None, n_jobs=None, n_neighbors=5, p=2,
                     weights='uniform')",,,13.0,3.0,distance,,,,,,,,,0.38632077892566313,-1.5542952925722895
65,"KNeighborsClassifier(algorithm='auto', leaf_size=30, metric='minkowski',
                     metric_params=None, n_jobs=None, n_neighbors=5, p=2,
                     weights='uniform')",,,13.0,3.0,uniform,,,,,,,,,0.38753681512914234,-1.560987741227344
68,"KNeighborsClassifier(algorithm='auto', leaf_size=30, metric='minkowski',
                     metric_params=None, n_jobs=None, n_neighbors=5, p=2,
                     weights='uniform')",,,13.0,4.0,distance,,,,,,,,,0.40634604501916416,-1.5682492552316927
67,"KNeighborsClassifier(algorithm='auto', leaf_size=30, metric='minkowski',
                     metric_params=None, n_jobs=None, n_neighbors=5, p=2,
                     weights='uniform')",,,13.0,4.0,uniform,,,,,,,,,0.40689658368321985,-1.5753819791160182
83,"LogisticRegression(C=1.0, class_weight=None, dual=False, fit_intercept=True,
                   intercept_scaling=1, l1_ratio=None, max_iter=100,
                   multi_class='auto', n_jobs=None, penalty='l2',
                   random_state=0, solver='lbfgs', tol=0.0001, verbose=0,
                   warm_start=False)",,,,,,,0.01,auto,l1,liblinear,,,,0.01889352529925232,-1.593187436439623
170,"SVC(C=1, break_ties=False, cache_size=200, class_weight=None, coef0=0.0,
    decision_function_shape='ovr', degree=3, gamma='scale', kernel='rbf',
    max_iter=-1, probability=True, random_state=0, shrinking=True, tol=0.001,
    verbose=False)",,,,,,,0.01,,,,,sigmoid,auto,0.04471273844237975,-1.751257402789091
64,"KNeighborsClassifier(algorithm='auto', leaf_size=30, metric='minkowski',
                     metric_params=None, n_jobs=None, n_neighbors=5, p=2,
                     weights='uniform')",,,13.0,2.0,distance,,,,,,,,,0.43814006287328616,-1.766089281920872
63,"KNeighborsClassifier(algorithm='auto', leaf_size=30, metric='minkowski',
                     metric_params=None, n_jobs=None, n_neighbors=5, p=2,
                     weights='uniform')",,,13.0,2.0,uniform,,,,,,,,,0.44023467042473774,-1.7714119199643856
60,"KNeighborsClassifier(algorithm='auto', leaf_size=30, metric='minkowski',
                     metric_params=None, n_jobs=None, n_neighbors=5, p=2,
                     weights='uniform')",,,11.0,4.0,distance,,,,,,,,,0.42276295322807006,-1.772821748701301
59,"KNeighborsClassifier(algorithm='auto', leaf_size=30, metric='minkowski',
                     metric_params=None, n_jobs=None, n_neighbors=5, p=2,
                     weights='uniform')",,,11.0,4.0,uniform,,,,,,,,,0.4223517321986804,-1.7794688660120728
58,"KNeighborsClassifier(algorithm='auto', leaf_size=30, metric='minkowski',
                     metric_params=None, n_jobs=None, n_neighbors=5, p=2,
                     weights='uniform')",,,11.0,3.0,distance,,,,,,,,,0.43782476730602693,-1.7988111659657735
57,"KNeighborsClassifier(algorithm='auto', leaf_size=30, metric='minkowski',
                     metric_params=None, n_jobs=None, n_neighbors=5, p=2,
                     weights='uniform')",,,11.0,3.0,uniform,,,,,,,,,0.43796351215134544,-1.804997310413628
168,"SVC(C=1, break_ties=False, cache_size=200, class_weight=None, coef0=0.0,
    decision_function_shape='ovr', degree=3, gamma='scale', kernel='rbf',
    max_iter=-1, probability=True, random_state=0, shrinking=True, tol=0.001,
    verbose=False)",,,,,,,0.01,,,,,rbf,auto,0.05256490511790995,-1.8501036452991861
50,"KNeighborsClassifier(algorithm='auto', leaf_size=30, metric='minkowski',
                     metric_params=None, n_jobs=None, n_neighbors=5, p=2,
                     weights='uniform')",,,10.0,3.0,distance,,,,,,,,,0.48634360475217625,-1.877284304680205
169,"SVC(C=1, break_ties=False, cache_size=200, class_weight=None, coef0=0.0,
    decision_function_shape='ovr', degree=3, gamma='scale', kernel='rbf',
    max_iter=-1, probability=True, random_state=0, shrinking=True, tol=0.001,
    verbose=False)",,,,,,,0.01,,,,,poly,auto,0.10268298951047115,-1.8812330555685743
49,"KNeighborsClassifier(algorithm='auto', leaf_size=30, metric='minkowski',
                     metric_params=None, n_jobs=None, n_neighbors=5, p=2,
                     weights='uniform')",,,10.0,3.0,uniform,,,,,,,,,0.48648167009409726,-1.8831415395029674
42,"KNeighborsClassifier(algorithm='auto', leaf_size=30, metric='minkowski',
                     metric_params=None, n_jobs=None, n_neighbors=5, p=2,
                     weights='uniform')",,,9.0,3.0,distance,,,,,,,,,0.5118165450898413,-1.9150883143296675
41,"KNeighborsClassifier(algorithm='auto', leaf_size=30, metric='minkowski',
                     metric_params=None, n_jobs=None, n_neighbors=5, p=2,
                     weights='uniform')",,,9.0,3.0,uniform,,,,,,,,,0.5121597487228401,-1.9198731163473357
167,"SVC(C=1, break_ties=False, cache_size=200, class_weight=None, coef0=0.0,
    decision_function_shape='ovr', degree=3, gamma='scale', kernel='rbf',
    max_iter=-1, probability=True, random_state=0, shrinking=True, tol=0.001,
    verbose=False)",,,,,,,0.01,,,,,sigmoid,scale,0.033342232185019346,-1.928313159054927
52,"KNeighborsClassifier(algorithm='auto', leaf_size=30, metric='minkowski',
                     metric_params=None, n_jobs=None, n_neighbors=5, p=2,
                     weights='uniform')",,,10.0,4.0,distance,,,,,,,,,0.5354003748406259,-1.9339385404321034
165,"SVC(C=1, break_ties=False, cache_size=200, class_weight=None, coef0=0.0,
    decision_function_shape='ovr', degree=3, gamma='scale', kernel='rbf',
    max_iter=-1, probability=True, random_state=0, shrinking=True, tol=0.001,
    verbose=False)",,,,,,,0.01,,,,,rbf,scale,0.03698998211525349,-1.9360052335226257
51,"KNeighborsClassifier(algorithm='auto', leaf_size=30, metric='minkowski',
                     metric_params=None, n_jobs=None, n_neighbors=5, p=2,
                     weights='uniform')",,,10.0,4.0,uniform,,,,,,,,,0.5352886736839749,-1.9404435794489348
90,"LogisticRegression(C=1.0, class_weight=None, dual=False, fit_intercept=True,
                   intercept_scaling=1, l1_ratio=None, max_iter=100,
                   multi_class='auto', n_jobs=None, penalty='l2',
                   random_state=0, solver='lbfgs', tol=0.0001, verbose=0,
                   warm_start=False)",,,,,,,0.001,auto,elasticnet,saga,0.2,,,0.029989124176997128,-1.979419586609681
62,"KNeighborsClassifier(algorithm='auto', leaf_size=30, metric='minkowski',
                     metric_params=None, n_jobs=None, n_neighbors=5, p=2,
                     weights='uniform')",,,13.0,1.0,distance,,,,,,,,,0.3212737216860976,-1.9959775379962363
61,"KNeighborsClassifier(algorithm='auto', leaf_size=30, metric='minkowski',
                     metric_params=None, n_jobs=None, n_neighbors=5, p=2,
                     weights='uniform')",,,13.0,1.0,uniform,,,,,,,,,0.32307746969252765,-2.0031529716640275
56,"KNeighborsClassifier(algorithm='auto', leaf_size=30, metric='minkowski',
                     metric_params=None, n_jobs=None, n_neighbors=5, p=2,
                     weights='uniform')",,,11.0,2.0,distance,,,,,,,,,0.31915900033509487,-2.0076132099449318
44,"KNeighborsClassifier(algorithm='auto', leaf_size=30, metric='minkowski',
                     metric_params=None, n_jobs=None, n_neighbors=5, p=2,
                     weights='uniform')",,,9.0,4.0,distance,,,,,,,,,0.5978106296985353,-2.0114349769972364
55,"KNeighborsClassifier(algorithm='auto', leaf_size=30, metric='minkowski',
                     metric_params=None, n_jobs=None, n_neighbors=5, p=2,
                     weights='uniform')",,,11.0,2.0,uniform,,,,,,,,,0.32071386415613307,-2.013659495068637
43,"KNeighborsClassifier(algorithm='auto', leaf_size=30, metric='minkowski',
                     metric_params=None, n_jobs=None, n_neighbors=5, p=2,
                     weights='uniform')",,,9.0,4.0,uniform,,,,,,,,,0.5979296002531462,-2.01706999748497
48,"KNeighborsClassifier(algorithm='auto', leaf_size=30, metric='minkowski',
                     metric_params=None, n_jobs=None, n_neighbors=5, p=2,
                     weights='uniform')",,,10.0,2.0,distance,,,,,,,,,0.33878909050009626,-2.0443117430050566
47,"KNeighborsClassifier(algorithm='auto', leaf_size=30, metric='minkowski',
                     metric_params=None, n_jobs=None, n_neighbors=5, p=2,
                     weights='uniform')",,,10.0,2.0,uniform,,,,,,,,,0.34030838625690707,-2.049711196857775
166,"SVC(C=1, break_ties=False, cache_size=200, class_weight=None, coef0=0.0,
    decision_function_shape='ovr', degree=3, gamma='scale', kernel='rbf',
    max_iter=-1, probability=True, random_state=0, shrinking=True, tol=0.001,
    verbose=False)",,,,,,,0.01,,,,,poly,scale,0.07096812043401503,-2.0518991844193657
34,"KNeighborsClassifier(algorithm='auto', leaf_size=30, metric='minkowski',
                     metric_params=None, n_jobs=None, n_neighbors=5, p=2,
                     weights='uniform')",,,7.0,3.0,distance,,,,,,,,,0.6179905730160958,-2.0775305508855872
33,"KNeighborsClassifier(algorithm='auto', leaf_size=30, metric='minkowski',
                     metric_params=None, n_jobs=None, n_neighbors=5, p=2,
                     weights='uniform')",,,7.0,3.0,uniform,,,,,,,,,0.6191503983332345,-2.080730302107418
36,"KNeighborsClassifier(algorithm='auto', leaf_size=30, metric='minkowski',
                     metric_params=None, n_jobs=None, n_neighbors=5, p=2,
                     weights='uniform')",,,7.0,4.0,distance,,,,,,,,,0.6637135500878403,-2.0886504397973833
163,"SVC(C=1, break_ties=False, cache_size=200, class_weight=None, coef0=0.0,
    decision_function_shape='ovr', degree=3, gamma='scale', kernel='rbf',
    max_iter=-1, probability=True, random_state=0, shrinking=True, tol=0.001,
    verbose=False)",,,,,,,0.001,,,,,poly,auto,0.044725737184656895,-2.0917588117281984
35,"KNeighborsClassifier(algorithm='auto', leaf_size=30, metric='minkowski',
                     metric_params=None, n_jobs=None, n_neighbors=5, p=2,
                     weights='uniform')",,,7.0,4.0,uniform,,,,,,,,,0.6638231498953,-2.0929313246725787
40,"KNeighborsClassifier(algorithm='auto', leaf_size=30, metric='minkowski',
                     metric_params=None, n_jobs=None, n_neighbors=5, p=2,
                     weights='uniform')",,,9.0,2.0,distance,,,,,,,,,0.43791065608984514,-2.164669120118868
39,"KNeighborsClassifier(algorithm='auto', leaf_size=30, metric='minkowski',
                     metric_params=None, n_jobs=None, n_neighbors=5, p=2,
                     weights='uniform')",,,9.0,2.0,uniform,,,,,,,,,0.4397439444469599,-2.169256321138059
54,"KNeighborsClassifier(algorithm='auto', leaf_size=30, metric='minkowski',
                     metric_params=None, n_jobs=None, n_neighbors=5, p=2,
                     weights='uniform')",,,11.0,1.0,distance,,,,,,,,,0.14016501789844557,-2.196943038770502
53,"KNeighborsClassifier(algorithm='auto', leaf_size=30, metric='minkowski',
                     metric_params=None, n_jobs=None, n_neighbors=5, p=2,
                     weights='uniform')",,,11.0,1.0,uniform,,,,,,,,,0.1411148644534522,-2.2026537274239213
32,"KNeighborsClassifier(algorithm='auto', leaf_size=30, metric='minkowski',
                     metric_params=None, n_jobs=None, n_neighbors=5, p=2,
                     weights='uniform')",,,7.0,2.0,distance,,,,,,,,,0.4898910987163161,-2.24040103048987
31,"KNeighborsClassifier(algorithm='auto', leaf_size=30, metric='minkowski',
                     metric_params=None, n_jobs=None, n_neighbors=5, p=2,
                     weights='uniform')",,,7.0,2.0,uniform,,,,,,,,,0.49154111822295116,-2.243035417165626
91,"LogisticRegression(C=1.0, class_weight=None, dual=False, fit_intercept=True,
                   intercept_scaling=1, l1_ratio=None, max_iter=100,
                   multi_class='auto', n_jobs=None, penalty='l2',
                   random_state=0, solver='lbfgs', tol=0.0001, verbose=0,
                   warm_start=False)",,,,,,,0.001,auto,elasticnet,saga,0.3,,,0.017736147179332324,-2.2534627961432587
28,"KNeighborsClassifier(algorithm='auto', leaf_size=30, metric='minkowski',
                     metric_params=None, n_jobs=None, n_neighbors=5, p=2,
                     weights='uniform')",,,5.0,4.0,distance,,,,,,,,,0.5369146017515316,-2.335777136228693
160,"SVC(C=1, break_ties=False, cache_size=200, class_weight=None, coef0=0.0,
    decision_function_shape='ovr', degree=3, gamma='scale', kernel='rbf',
    max_iter=-1, probability=True, random_state=0, shrinking=True, tol=0.001,
    verbose=False)",,,,,,,0.001,,,,,poly,scale,0.045407404856495324,-2.3376483564762442
27,"KNeighborsClassifier(algorithm='auto', leaf_size=30, metric='minkowski',
                     metric_params=None, n_jobs=None, n_neighbors=5, p=2,
                     weights='uniform')",,,5.0,4.0,uniform,,,,,,,,,0.5368027807300191,-2.3390663449317386
46,"KNeighborsClassifier(algorithm='auto', leaf_size=30, metric='minkowski',
                     metric_params=None, n_jobs=None, n_neighbors=5, p=2,
                     weights='uniform')",,,10.0,1.0,distance,,,,,,,,,0.1956994631696077,-2.359497071189
45,"KNeighborsClassifier(algorithm='auto', leaf_size=30, metric='minkowski',
                     metric_params=None, n_jobs=None, n_neighbors=5, p=2,
                     weights='uniform')",,,10.0,1.0,uniform,,,,,,,,,0.19668553993901994,-2.36491073989697
38,"KNeighborsClassifier(algorithm='auto', leaf_size=30, metric='minkowski',
                     metric_params=None, n_jobs=None, n_neighbors=5, p=2,
                     weights='uniform')",,,9.0,1.0,distance,,,,,,,,,0.22446513548391236,-2.396149648344047
37,"KNeighborsClassifier(algorithm='auto', leaf_size=30, metric='minkowski',
                     metric_params=None, n_jobs=None, n_neighbors=5, p=2,
                     weights='uniform')",,,9.0,1.0,uniform,,,,,,,,,0.22606195472094973,-2.4007538196932434
92,"LogisticRegression(C=1.0, class_weight=None, dual=False, fit_intercept=True,
                   intercept_scaling=1, l1_ratio=None, max_iter=100,
                   multi_class='auto', n_jobs=None, penalty='l2',
                   random_state=0, solver='lbfgs', tol=0.0001, verbose=0,
                   warm_start=False)",,,,,,,0.001,auto,elasticnet,saga,0.4,,,0.01650631853681949,-2.410231915469856
24,"KNeighborsClassifier(algorithm='auto', leaf_size=30, metric='minkowski',
                     metric_params=None, n_jobs=None, n_neighbors=5, p=2,
                     weights='uniform')",,,5.0,2.0,distance,,,,,,,,,0.2936495602499462,-2.447268296188418
23,"KNeighborsClassifier(algorithm='auto', leaf_size=30, metric='minkowski',
                     metric_params=None, n_jobs=None, n_neighbors=5, p=2,
                     weights='uniform')",,,5.0,2.0,uniform,,,,,,,,,0.29534455120239467,-2.4489249063614307
26,"KNeighborsClassifier(algorithm='auto', leaf_size=30, metric='minkowski',
                     metric_params=None, n_jobs=None, n_neighbors=5, p=2,
                     weights='uniform')",,,5.0,3.0,distance,,,,,,,,,0.27392374482283427,-2.451369517262157
25,"KNeighborsClassifier(algorithm='auto', leaf_size=30, metric='minkowski',
                     metric_params=None, n_jobs=None, n_neighbors=5, p=2,
                     weights='uniform')",,,5.0,3.0,uniform,,,,,,,,,0.2750050145966809,-2.4532651338280687
93,"LogisticRegression(C=1.0, class_weight=None, dual=False, fit_intercept=True,
                   intercept_scaling=1, l1_ratio=None, max_iter=100,
                   multi_class='auto', n_jobs=None, penalty='l2',
                   random_state=0, solver='lbfgs', tol=0.0001, verbose=0,
                   warm_start=False)",,,,,,,0.001,auto,elasticnet,saga,0.5,,,0.005776606550717745,-2.573770419353115
94,"LogisticRegression(C=1.0, class_weight=None, dual=False, fit_intercept=True,
                   intercept_scaling=1, l1_ratio=None, max_iter=100,
                   multi_class='auto', n_jobs=None, penalty='l2',
                   random_state=0, solver='lbfgs', tol=0.0001, verbose=0,
                   warm_start=False)",,,,,,,0.001,auto,elasticnet,saga,0.6,,,0.002765231503431585,-2.6007369773659614
95,"LogisticRegression(C=1.0, class_weight=None, dual=False, fit_intercept=True,
                   intercept_scaling=1, l1_ratio=None, max_iter=100,
                   multi_class='auto', n_jobs=None, penalty='l2',
                   random_state=0, solver='lbfgs', tol=0.0001, verbose=0,
                   warm_start=False)",,,,,,,0.001,auto,elasticnet,saga,0.7,,,0.0019156737671662853,-2.62352905102556
96,"LogisticRegression(C=1.0, class_weight=None, dual=False, fit_intercept=True,
                   intercept_scaling=1, l1_ratio=None, max_iter=100,
                   multi_class='auto', n_jobs=None, penalty='l2',
                   random_state=0, solver='lbfgs', tol=0.0001, verbose=0,
                   warm_start=False)",,,,,,,0.001,auto,elasticnet,saga,0.8,,,0.0022019622047675384,-2.6263455668775686
97,"LogisticRegression(C=1.0, class_weight=None, dual=False, fit_intercept=True,
                   intercept_scaling=1, l1_ratio=None, max_iter=100,
                   multi_class='auto', n_jobs=None, penalty='l2',
                   random_state=0, solver='lbfgs', tol=0.0001, verbose=0,
                   warm_start=False)",,,,,,,0.001,auto,elasticnet,saga,0.9,,,0.0028601411497597247,-2.6295200809902117
82,"LogisticRegression(C=1.0, class_weight=None, dual=False, fit_intercept=True,
                   intercept_scaling=1, l1_ratio=None, max_iter=100,
                   multi_class='auto', n_jobs=None, penalty='l2',
                   random_state=0, solver='lbfgs', tol=0.0001, verbose=0,
                   warm_start=False)",,,,,,,0.001,auto,l1,liblinear,,,,0.0,-2.6390573296152584
164,"SVC(C=1, break_ties=False, cache_size=200, class_weight=None, coef0=0.0,
    decision_function_shape='ovr', degree=3, gamma='scale', kernel='rbf',
    max_iter=-1, probability=True, random_state=0, shrinking=True, tol=0.001,
    verbose=False)",,,,,,,0.001,,,,,sigmoid,auto,0.0033148428064136946,-2.640694552169373
161,"SVC(C=1, break_ties=False, cache_size=200, class_weight=None, coef0=0.0,
    decision_function_shape='ovr', degree=3, gamma='scale', kernel='rbf',
    max_iter=-1, probability=True, random_state=0, shrinking=True, tol=0.001,
    verbose=False)",,,,,,,0.001,,,,,sigmoid,scale,0.0046440780455934035,-2.642922668013373
162,"SVC(C=1, break_ties=False, cache_size=200, class_weight=None, coef0=0.0,
    decision_function_shape='ovr', degree=3, gamma='scale', kernel='rbf',
    max_iter=-1, probability=True, random_state=0, shrinking=True, tol=0.001,
    verbose=False)",,,,,,,0.001,,,,,rbf,auto,0.004547322007951039,-2.643758762036335
159,"SVC(C=1, break_ties=False, cache_size=200, class_weight=None, coef0=0.0,
    decision_function_shape='ovr', degree=3, gamma='scale', kernel='rbf',
    max_iter=-1, probability=True, random_state=0, shrinking=True, tol=0.001,
    verbose=False)",,,,,,,0.001,,,,,rbf,scale,0.004774932347302619,-2.6439095347856987
30,"KNeighborsClassifier(algorithm='auto', leaf_size=30, metric='minkowski',
                     metric_params=None, n_jobs=None, n_neighbors=5, p=2,
                     weights='uniform')",,,7.0,1.0,distance,,,,,,,,,0.2630477463741056,-2.6781896817144344
29,"KNeighborsClassifier(algorithm='auto', leaf_size=30, metric='minkowski',
                     metric_params=None, n_jobs=None, n_neighbors=5, p=2,
                     weights='uniform')",,,7.0,1.0,uniform,,,,,,,,,0.2639390229165347,-2.681096981055053
20,"KNeighborsClassifier(algorithm='auto', leaf_size=30, metric='minkowski',
                     metric_params=None, n_jobs=None, n_neighbors=5, p=2,
                     weights='uniform')",,,3.0,4.0,distance,,,,,,,,,0.7757789359146037,-2.82720104865938
19,"KNeighborsClassifier(algorithm='auto', leaf_size=30, metric='minkowski',
                     metric_params=None, n_jobs=None, n_neighbors=5, p=2,
                     weights='uniform')",,,3.0,4.0,uniform,,,,,,,,,0.7767976206064966,-2.8290044322180603
22,"KNeighborsClassifier(algorithm='auto', leaf_size=30, metric='minkowski',
                     metric_params=None, n_jobs=None, n_neighbors=5, p=2,
                     weights='uniform')",,,5.0,1.0,distance,,,,,,,,,0.21293727127959064,-2.923006637106191
21,"KNeighborsClassifier(algorithm='auto', leaf_size=30, metric='minkowski',
                     metric_params=None, n_jobs=None, n_neighbors=5, p=2,
                     weights='uniform')",,,5.0,1.0,uniform,,,,,,,,,0.21327868251001025,-2.9243982969319506
18,"KNeighborsClassifier(algorithm='auto', leaf_size=30, metric='minkowski',
                     metric_params=None, n_jobs=None, n_neighbors=5, p=2,
                     weights='uniform')",,,3.0,3.0,distance,,,,,,,,,0.5155669119813246,-3.0437099025358108
17,"KNeighborsClassifier(algorithm='auto', leaf_size=30, metric='minkowski',
                     metric_params=None, n_jobs=None, n_neighbors=5, p=2,
                     weights='uniform')",,,3.0,3.0,uniform,,,,,,,,,0.5161185945380466,-3.0454230317898223
16,"KNeighborsClassifier(algorithm='auto', leaf_size=30, metric='minkowski',
                     metric_params=None, n_jobs=None, n_neighbors=5, p=2,
                     weights='uniform')",,,3.0,2.0,distance,,,,,,,,,0.33771603784433024,-3.083630730360966
15,"KNeighborsClassifier(algorithm='auto', leaf_size=30, metric='minkowski',
                     metric_params=None, n_jobs=None, n_neighbors=5, p=2,
                     weights='uniform')",,,3.0,2.0,uniform,,,,,,,,,0.33831770233010944,-3.085423595724248
14,"KNeighborsClassifier(algorithm='auto', leaf_size=30, metric='minkowski',
                     metric_params=None, n_jobs=None, n_neighbors=5, p=2,
                     weights='uniform')",,,3.0,1.0,distance,,,,,,,,,0.37584486191704286,-3.2627937444984085
13,"KNeighborsClassifier(algorithm='auto', leaf_size=30, metric='minkowski',
                     metric_params=None, n_jobs=None, n_neighbors=5, p=2,
                     weights='uniform')",,,3.0,1.0,uniform,,,,,,,,,0.37583845448736725,-3.263471891917952
12,"KNeighborsClassifier(algorithm='auto', leaf_size=30, metric='minkowski',
                     metric_params=None, n_jobs=None, n_neighbors=5, p=2,
                     weights='uniform')",,,1.0,4.0,distance,,,,,,,,,0.7414500199573578,-3.6301786313708684
11,"KNeighborsClassifier(algorithm='auto', leaf_size=30, metric='minkowski',
                     metric_params=None, n_jobs=None, n_neighbors=5, p=2,
                     weights='uniform')",,,1.0,4.0,uniform,,,,,,,,,0.7414500199573578,-3.6301786313708684
7,"KNeighborsClassifier(algorithm='auto', leaf_size=30, metric='minkowski',
                     metric_params=None, n_jobs=None, n_neighbors=5, p=2,
                     weights='uniform')",,,1.0,2.0,uniform,,,,,,,,,0.3905035751326922,-3.7184922395157787
8,"KNeighborsClassifier(algorithm='auto', leaf_size=30, metric='minkowski',
                     metric_params=None, n_jobs=None, n_neighbors=5, p=2,
                     weights='uniform')",,,1.0,2.0,distance,,,,,,,,,0.3905035751326922,-3.7184922395157787
10,"KNeighborsClassifier(algorithm='auto', leaf_size=30, metric='minkowski',
                     metric_params=None, n_jobs=None, n_neighbors=5, p=2,
                     weights='uniform')",,,1.0,3.0,distance,,,,,,,,,0.6836899535197011,-3.809136022018074
9,"KNeighborsClassifier(algorithm='auto', leaf_size=30, metric='minkowski',
                     metric_params=None, n_jobs=None, n_neighbors=5, p=2,
                     weights='uniform')",,,1.0,3.0,uniform,,,,,,,,,0.6836899535197011,-3.809136022018074
1,"DecisionTreeClassifier(ccp_alpha=0.0, class_weight=None, criterion='gini',
                       max_depth=None, max_features=None, max_leaf_nodes=None,
                       min_impurity_decrease=0.0, min_impurity_split=None,
                       min_samples_leaf=1, min_samples_split=2,
                       min_weight_fraction_leaf=0.0, presort='deprecated',
                       random_state=0, splitter='best')",gini,random,,,,,,,,,,,,0.6826761489034412,-3.85154519532249
6,"KNeighborsClassifier(algorithm='auto', leaf_size=30, metric='minkowski',
                     metric_params=None, n_jobs=None, n_neighbors=5, p=2,
                     weights='uniform')",,,1.0,1.0,distance,,,,,,,,,0.2079940049971338,-4.21132411610281
5,"KNeighborsClassifier(algorithm='auto', leaf_size=30, metric='minkowski',
                     metric_params=None, n_jobs=None, n_neighbors=5, p=2,
                     weights='uniform')",,,1.0,1.0,uniform,,,,,,,,,0.2079940049971338,-4.21132411610281
0,"DecisionTreeClassifier(ccp_alpha=0.0, class_weight=None, criterion='gini',
                       max_depth=None, max_features=None, max_leaf_nodes=None,
                       min_impurity_decrease=0.0, min_impurity_split=None,
                       min_samples_leaf=1, min_samples_split=2,
                       min_weight_fraction_leaf=0.0, presort='deprecated',
                       random_state=0, splitter='best')",gini,best,,,,,,,,,,,,0.4689762308787004,-4.928085748434587
3,"DecisionTreeClassifier(ccp_alpha=0.0, class_weight=None, criterion='gini',
                       max_depth=None, max_features=None, max_leaf_nodes=None,
                       min_impurity_decrease=0.0, min_impurity_split=None,
                       min_samples_leaf=1, min_samples_split=2,
                       min_weight_fraction_leaf=0.0, presort='deprecated',
                       random_state=0, splitter='best')",entropy,random,,,,,,,,,,,,0.4555191690698924,-5.061371721677037
2,"DecisionTreeClassifier(ccp_alpha=0.0, class_weight=None, criterion='gini',
                       max_depth=None, max_features=None, max_leaf_nodes=None,
                       min_impurity_decrease=0.0, min_impurity_split=None,
                       min_samples_leaf=1, min_samples_split=2,
                       min_weight_fraction_leaf=0.0, presort='deprecated',
                       random_state=0, splitter='best')",entropy,best,,,,,,,,,,,,0.638067053781175,-5.510163302909482
4,"GaussianNB(priors=None, var_smoothing=1e-09)",,,,,,,,,,,,,,0.41887384223371776,-7.812148498003
