estimator,estimator__act,estimator__learning_rate,estimator__n_hidden,estimator__n_neurons,std,neg_log_loss
<tensorflow.python.keras.wrappers.scikit_learn.KerasClassifier object at 0x0000025FFDF39370>,sigmoid,0.014921476328846675,1,82,0.006944472132587583,-0.22802039275471142
<tensorflow.python.keras.wrappers.scikit_learn.KerasClassifier object at 0x0000025FFDF39370>,sigmoid,0.019255763097973767,1,95,0.027897010345622444,-0.23308446992989812
<tensorflow.python.keras.wrappers.scikit_learn.KerasClassifier object at 0x0000025FFDF39370>,sigmoid,0.01170070498741568,1,180,0.017231043453904554,-0.23642930548423977
<tensorflow.python.keras.wrappers.scikit_learn.KerasClassifier object at 0x0000025FFDF39370>,sigmoid,0.011398829585754132,2,121,0.03428561684862691,-0.2371779929811142
<tensorflow.python.keras.wrappers.scikit_learn.KerasClassifier object at 0x0000025FFDF39370>,sigmoid,0.006853411385339631,1,74,0.030779207680524986,-0.23860810162875878
<tensorflow.python.keras.wrappers.scikit_learn.KerasClassifier object at 0x0000025FFDF39370>,sigmoid,0.014662952026220309,2,152,0.029723057590584336,-0.2403152842128682
<tensorflow.python.keras.wrappers.scikit_learn.KerasClassifier object at 0x0000025FFDF39370>,sigmoid,0.006977244239903821,1,85,0.011182175495320421,-0.2407951267138376
<tensorflow.python.keras.wrappers.scikit_learn.KerasClassifier object at 0x0000025FFDF39370>,tanh,0.011746670464650092,3,159,0.023246592402105092,-0.24260690909143848
<tensorflow.python.keras.wrappers.scikit_learn.KerasClassifier object at 0x0000025FFDF39370>,sigmoid,0.004758911989277379,1,133,0.02393503890345128,-0.24411492289079254
<tensorflow.python.keras.wrappers.scikit_learn.KerasClassifier object at 0x0000025FFDF39370>,sigmoid,0.011644857351208356,2,130,0.02136102274925791,-0.24411970857298296
<tensorflow.python.keras.wrappers.scikit_learn.KerasClassifier object at 0x0000025FFDF39370>,sigmoid,0.016570145479570152,2,104,0.030721015004752505,-0.24457153066774773
<tensorflow.python.keras.wrappers.scikit_learn.KerasClassifier object at 0x0000025FFDF39370>,tanh,0.0010402487464129355,3,108,0.028503710374582967,-0.2449319307136248
<tensorflow.python.keras.wrappers.scikit_learn.KerasClassifier object at 0x0000025FFDF39370>,sigmoid,0.027872880805157887,1,53,0.01805546052202503,-0.24689256943870344
<tensorflow.python.keras.wrappers.scikit_learn.KerasClassifier object at 0x0000025FFDF39370>,tanh,0.005019010261222544,1,195,0.03983285324389519,-0.24770682511454475
<tensorflow.python.keras.wrappers.scikit_learn.KerasClassifier object at 0x0000025FFDF39370>,sigmoid,0.028695332265469255,1,154,0.014997447603231174,-0.24894905441993384
<tensorflow.python.keras.wrappers.scikit_learn.KerasClassifier object at 0x0000025FFDF39370>,sigmoid,0.012523491282657935,2,69,0.02356809522862859,-0.24941217712320662
<tensorflow.python.keras.wrappers.scikit_learn.KerasClassifier object at 0x0000025FFDF39370>,sigmoid,0.0173579230015711,2,132,0.026832218392900273,-0.24943890385748738
<tensorflow.python.keras.wrappers.scikit_learn.KerasClassifier object at 0x0000025FFDF39370>,sigmoid,0.0037229830422149295,1,166,0.026778189314798983,-0.249746373763909
<tensorflow.python.keras.wrappers.scikit_learn.KerasClassifier object at 0x0000025FFDF39370>,tanh,0.0014645344235044615,4,110,0.06334588813298571,-0.25071647252560403
<tensorflow.python.keras.wrappers.scikit_learn.KerasClassifier object at 0x0000025FFDF39370>,tanh,0.010568962174998224,1,86,0.01722355304004375,-0.2523164796343538
<tensorflow.python.keras.wrappers.scikit_learn.KerasClassifier object at 0x0000025FFDF39370>,tanh,0.0016718256437176816,1,147,0.022172256787279312,-0.2526994032341996
<tensorflow.python.keras.wrappers.scikit_learn.KerasClassifier object at 0x0000025FFDF39370>,tanh,0.002459747619107312,1,82,0.03652826585151626,-0.25387735373982456
<tensorflow.python.keras.wrappers.scikit_learn.KerasClassifier object at 0x0000025FFDF39370>,sigmoid,0.02835554724661133,2,148,0.017249729447133898,-0.25438589660852134
<tensorflow.python.keras.wrappers.scikit_learn.KerasClassifier object at 0x0000025FFDF39370>,tanh,0.0009646564449915418,2,158,0.039327493128983156,-0.25759713427496156
<tensorflow.python.keras.wrappers.scikit_learn.KerasClassifier object at 0x0000025FFDF39370>,sigmoid,0.0035377333368944797,1,94,0.0222155944759056,-0.25790372516387877
<tensorflow.python.keras.wrappers.scikit_learn.KerasClassifier object at 0x0000025FFDF39370>,tanh,0.010408244917504098,1,82,0.027093852381323866,-0.25881204193978696
<tensorflow.python.keras.wrappers.scikit_learn.KerasClassifier object at 0x0000025FFDF39370>,tanh,0.00330517506080283,2,134,0.020646524320713133,-0.2594748872410803
<tensorflow.python.keras.wrappers.scikit_learn.KerasClassifier object at 0x0000025FFDF39370>,tanh,0.0017188383973282795,2,111,0.039224514953908704,-0.25963298489238396
<tensorflow.python.keras.wrappers.scikit_learn.KerasClassifier object at 0x0000025FFDF39370>,tanh,0.001399808858990667,4,133,0.04390244621572928,-0.2596748661134314
<tensorflow.python.keras.wrappers.scikit_learn.KerasClassifier object at 0x0000025FFDF39370>,tanh,0.01756629323026392,1,129,0.03412913919089293,-0.2598006366086894
<tensorflow.python.keras.wrappers.scikit_learn.KerasClassifier object at 0x0000025FFDF39370>,tanh,0.002479300558627778,3,184,0.0407063661018246,-0.260011096549602
<tensorflow.python.keras.wrappers.scikit_learn.KerasClassifier object at 0x0000025FFDF39370>,sigmoid,0.016987589011181862,2,195,0.031170414329936728,-0.26020154307790283
<tensorflow.python.keras.wrappers.scikit_learn.KerasClassifier object at 0x0000025FFDF39370>,tanh,0.008477510237796323,1,95,0.03407297917322111,-0.2608788966629702
<tensorflow.python.keras.wrappers.scikit_learn.KerasClassifier object at 0x0000025FFDF39370>,tanh,0.0016851038255313792,2,148,0.028195369508525206,-0.26089528894602987
<tensorflow.python.keras.wrappers.scikit_learn.KerasClassifier object at 0x0000025FFDF39370>,sigmoid,0.015442867297150982,2,45,0.0357306994239661,-0.2647312246230684
<tensorflow.python.keras.wrappers.scikit_learn.KerasClassifier object at 0x0000025FFDF39370>,tanh,0.021277044667298243,2,169,0.041733538069159276,-0.2649515058196774
<tensorflow.python.keras.wrappers.scikit_learn.KerasClassifier object at 0x0000025FFDF39370>,tanh,0.0022505863330860355,1,89,0.051642737104848235,-0.26589996405728783
<tensorflow.python.keras.wrappers.scikit_learn.KerasClassifier object at 0x0000025FFDF39370>,tanh,0.00038714164899221687,4,182,0.02382199891367953,-0.2666238023788795
<tensorflow.python.keras.wrappers.scikit_learn.KerasClassifier object at 0x0000025FFDF39370>,tanh,0.009968008162110905,1,193,0.03543243538617639,-0.2666836338054959
<tensorflow.python.keras.wrappers.scikit_learn.KerasClassifier object at 0x0000025FFDF39370>,tanh,0.008560791916775222,1,81,0.03378325569988975,-0.26671204069989707
<tensorflow.python.keras.wrappers.scikit_learn.KerasClassifier object at 0x0000025FFDF39370>,tanh,0.004340257200444633,1,62,0.04316855724802133,-0.26694253467547224
<tensorflow.python.keras.wrappers.scikit_learn.KerasClassifier object at 0x0000025FFDF39370>,tanh,0.0074139140006101315,1,156,0.02899601438340328,-0.26734719478175617
<tensorflow.python.keras.wrappers.scikit_learn.KerasClassifier object at 0x0000025FFDF39370>,tanh,0.011504834986625592,2,50,0.03776303439144603,-0.26919369932937454
<tensorflow.python.keras.wrappers.scikit_learn.KerasClassifier object at 0x0000025FFDF39370>,tanh,0.002290179597655836,4,152,0.037631175233639846,-0.26943400629865044
<tensorflow.python.keras.wrappers.scikit_learn.KerasClassifier object at 0x0000025FFDF39370>,sigmoid,0.026138307346847175,3,143,0.025364326209568452,-0.2697912618536362
<tensorflow.python.keras.wrappers.scikit_learn.KerasClassifier object at 0x0000025FFDF39370>,tanh,0.00043375394866287964,5,186,0.04156094172698722,-0.27040713459911586
<tensorflow.python.keras.wrappers.scikit_learn.KerasClassifier object at 0x0000025FFDF39370>,tanh,0.004894828959514037,4,181,0.04395894970788815,-0.2717902770725637
<tensorflow.python.keras.wrappers.scikit_learn.KerasClassifier object at 0x0000025FFDF39370>,tanh,0.006674834721146208,1,94,0.042298671971452956,-0.27206166996975045
<tensorflow.python.keras.wrappers.scikit_learn.KerasClassifier object at 0x0000025FFDF39370>,tanh,0.0032622908842903937,4,123,0.04827100100045253,-0.27268965866645384
<tensorflow.python.keras.wrappers.scikit_learn.KerasClassifier object at 0x0000025FFDF39370>,tanh,0.0005089275719266929,1,190,0.021115348143046535,-0.27325080727450685
<tensorflow.python.keras.wrappers.scikit_learn.KerasClassifier object at 0x0000025FFDF39370>,tanh,0.0017511648761406853,4,134,0.02716093750980757,-0.2741871417492036
<tensorflow.python.keras.wrappers.scikit_learn.KerasClassifier object at 0x0000025FFDF39370>,tanh,0.011746384257835123,2,167,0.042495277365130125,-0.2779460748974456
<tensorflow.python.keras.wrappers.scikit_learn.KerasClassifier object at 0x0000025FFDF39370>,tanh,0.000716550122277523,5,194,0.024931918587434914,-0.27834709189892
<tensorflow.python.keras.wrappers.scikit_learn.KerasClassifier object at 0x0000025FFDF39370>,tanh,0.005392664468999852,4,138,0.06658682627803661,-0.2797496834146934
<tensorflow.python.keras.wrappers.scikit_learn.KerasClassifier object at 0x0000025FFDF39370>,tanh,0.0003223542375154659,4,198,0.03994596897218558,-0.27988039809907483
<tensorflow.python.keras.wrappers.scikit_learn.KerasClassifier object at 0x0000025FFDF39370>,tanh,0.00034436729919337016,3,158,0.025062719376598274,-0.2803192367616039
<tensorflow.python.keras.wrappers.scikit_learn.KerasClassifier object at 0x0000025FFDF39370>,sigmoid,0.0035880481422443673,1,42,0.013804499415842214,-0.28047007462338086
<tensorflow.python.keras.wrappers.scikit_learn.KerasClassifier object at 0x0000025FFDF39370>,tanh,0.003473918367336918,1,66,0.013602819234387869,-0.2807754664124048
<tensorflow.python.keras.wrappers.scikit_learn.KerasClassifier object at 0x0000025FFDF39370>,tanh,0.0017126037432603919,2,57,0.03622458844937894,-0.2812443227308658
<tensorflow.python.keras.wrappers.scikit_learn.KerasClassifier object at 0x0000025FFDF39370>,tanh,0.025997245592468916,1,132,0.0549623518565903,-0.28434365759808666
<tensorflow.python.keras.wrappers.scikit_learn.KerasClassifier object at 0x0000025FFDF39370>,tanh,0.007152998066913158,2,87,0.04483462618687745,-0.28575166968420657
<tensorflow.python.keras.wrappers.scikit_learn.KerasClassifier object at 0x0000025FFDF39370>,tanh,0.00033100809939065243,4,173,0.029858818246269528,-0.28664233430121516
<tensorflow.python.keras.wrappers.scikit_learn.KerasClassifier object at 0x0000025FFDF39370>,tanh,0.0006452089673419202,1,141,0.015440735313316797,-0.2874597691383969
<tensorflow.python.keras.wrappers.scikit_learn.KerasClassifier object at 0x0000025FFDF39370>,tanh,0.0005207915786078663,3,113,0.026055353789620733,-0.2896206699526173
<tensorflow.python.keras.wrappers.scikit_learn.KerasClassifier object at 0x0000025FFDF39370>,tanh,0.013596104100249036,2,129,0.04511634333550643,-0.2901221201376522
<tensorflow.python.keras.wrappers.scikit_learn.KerasClassifier object at 0x0000025FFDF39370>,tanh,0.0065212815415403485,4,177,0.05783035609850852,-0.29034585590015116
<tensorflow.python.keras.wrappers.scikit_learn.KerasClassifier object at 0x0000025FFDF39370>,tanh,0.000469469200837725,1,158,0.02956758932630978,-0.2903607879785448
<tensorflow.python.keras.wrappers.scikit_learn.KerasClassifier object at 0x0000025FFDF39370>,tanh,0.026028956871918946,3,178,0.048918550150965565,-0.2920381895477504
<tensorflow.python.keras.wrappers.scikit_learn.KerasClassifier object at 0x0000025FFDF39370>,sigmoid,0.01498854866201671,3,145,0.040655119277950895,-0.29400528133224346
<tensorflow.python.keras.wrappers.scikit_learn.KerasClassifier object at 0x0000025FFDF39370>,tanh,0.0003162104163189022,4,132,0.03569342853160888,-0.2940623726888162
<tensorflow.python.keras.wrappers.scikit_learn.KerasClassifier object at 0x0000025FFDF39370>,tanh,0.002025093756478777,4,115,0.021267268839141956,-0.29461129517375795
<tensorflow.python.keras.wrappers.scikit_learn.KerasClassifier object at 0x0000025FFDF39370>,sigmoid,0.018185450073404573,3,69,0.030415725137861078,-0.2950154895090679
<tensorflow.python.keras.wrappers.scikit_learn.KerasClassifier object at 0x0000025FFDF39370>,sigmoid,0.0026773191140143427,2,179,0.023777524795604917,-0.29507930080157974
<tensorflow.python.keras.wrappers.scikit_learn.KerasClassifier object at 0x0000025FFDF39370>,tanh,0.025476683141605772,4,159,0.06501400853997537,-0.2965566608475613
<tensorflow.python.keras.wrappers.scikit_learn.KerasClassifier object at 0x0000025FFDF39370>,tanh,0.0081703423616553,4,170,0.056195173374404675,-0.2972566162492258
<tensorflow.python.keras.wrappers.scikit_learn.KerasClassifier object at 0x0000025FFDF39370>,tanh,0.0010710150168896778,1,51,0.04290215139249928,-0.2996734513821734
<tensorflow.python.keras.wrappers.scikit_learn.KerasClassifier object at 0x0000025FFDF39370>,tanh,0.0009244286562536305,4,143,0.0364907136595045,-0.29978807898704374
<tensorflow.python.keras.wrappers.scikit_learn.KerasClassifier object at 0x0000025FFDF39370>,tanh,0.00113218722279702,1,46,0.03261941076289256,-0.30116007435998887
<tensorflow.python.keras.wrappers.scikit_learn.KerasClassifier object at 0x0000025FFDF39370>,sigmoid,0.001242901890258904,1,190,0.013532056901830522,-0.3012345069444121
<tensorflow.python.keras.wrappers.scikit_learn.KerasClassifier object at 0x0000025FFDF39370>,tanh,0.014955030597776578,1,27,0.03691618337379984,-0.3037234038764744
<tensorflow.python.keras.wrappers.scikit_learn.KerasClassifier object at 0x0000025FFDF39370>,tanh,0.00036213539517477287,5,124,0.02831942478417038,-0.30475141679253065
<tensorflow.python.keras.wrappers.scikit_learn.KerasClassifier object at 0x0000025FFDF39370>,tanh,0.012002480670551213,3,90,0.04012818150324484,-0.30543480910117504
<tensorflow.python.keras.wrappers.scikit_learn.KerasClassifier object at 0x0000025FFDF39370>,tanh,0.001124478979441475,2,45,0.023735365844615348,-0.30721733058997974
<tensorflow.python.keras.wrappers.scikit_learn.KerasClassifier object at 0x0000025FFDF39370>,tanh,0.00040363809257401784,2,112,0.0218250499265689,-0.3087026850895476
<tensorflow.python.keras.wrappers.scikit_learn.KerasClassifier object at 0x0000025FFDF39370>,elu,0.001213287664569282,4,129,0.07953896176788079,-0.3098344085837228
<tensorflow.python.keras.wrappers.scikit_learn.KerasClassifier object at 0x0000025FFDF39370>,tanh,0.00048336831811749786,2,100,0.02370794928109832,-0.3099802273578212
<tensorflow.python.keras.wrappers.scikit_learn.KerasClassifier object at 0x0000025FFDF39370>,relu,0.0007304556281625834,4,163,0.08807589851448012,-0.3102020421678158
<tensorflow.python.keras.wrappers.scikit_learn.KerasClassifier object at 0x0000025FFDF39370>,sigmoid,0.0011572043559019576,1,169,0.025073372352625464,-0.31160987392066436
<tensorflow.python.keras.wrappers.scikit_learn.KerasClassifier object at 0x0000025FFDF39370>,tanh,0.0004613602434893305,5,99,0.020966919575702573,-0.3124688877895266
<tensorflow.python.keras.wrappers.scikit_learn.KerasClassifier object at 0x0000025FFDF39370>,tanh,0.008552296221882093,3,82,0.00480401302145945,-0.3124769970057325
<tensorflow.python.keras.wrappers.scikit_learn.KerasClassifier object at 0x0000025FFDF39370>,tanh,0.0041073001596534115,4,102,0.04470213909052747,-0.31297548309620915
<tensorflow.python.keras.wrappers.scikit_learn.KerasClassifier object at 0x0000025FFDF39370>,elu,0.00032993109898517026,5,192,0.07061148053085525,-0.3139558185881198
<tensorflow.python.keras.wrappers.scikit_learn.KerasClassifier object at 0x0000025FFDF39370>,selu,0.002940050671232438,4,175,0.04646730193046979,-0.31549370351531825
<tensorflow.python.keras.wrappers.scikit_learn.KerasClassifier object at 0x0000025FFDF39370>,elu,0.003704076395614501,3,179,0.08354347200528589,-0.3171165953232227
<tensorflow.python.keras.wrappers.scikit_learn.KerasClassifier object at 0x0000025FFDF39370>,tanh,0.001073763794884525,2,52,0.04161532986856926,-0.31719327175369394
<tensorflow.python.keras.wrappers.scikit_learn.KerasClassifier object at 0x0000025FFDF39370>,sigmoid,0.0035634257471298908,1,32,0.02811664012672205,-0.31764926313205183
<tensorflow.python.keras.wrappers.scikit_learn.KerasClassifier object at 0x0000025FFDF39370>,relu,0.0021288081763092825,4,194,0.08204706124033433,-0.3178849856824682
<tensorflow.python.keras.wrappers.scikit_learn.KerasClassifier object at 0x0000025FFDF39370>,sigmoid,0.02475916384564786,3,56,0.042193019487895035,-0.31849988886815467
<tensorflow.python.keras.wrappers.scikit_learn.KerasClassifier object at 0x0000025FFDF39370>,tanh,0.00039710532050257275,4,105,0.025860886447299582,-0.3192073036685897
<tensorflow.python.keras.wrappers.scikit_learn.KerasClassifier object at 0x0000025FFDF39370>,elu,0.018640769694248716,2,187,0.06968041912212124,-0.31951704183819035
<tensorflow.python.keras.wrappers.scikit_learn.KerasClassifier object at 0x0000025FFDF39370>,tanh,0.015987534357457953,2,55,0.017588635834762254,-0.3215940620157614
<tensorflow.python.keras.wrappers.scikit_learn.KerasClassifier object at 0x0000025FFDF39370>,tanh,0.007145738433070182,3,51,0.04179330853415955,-0.32175468165063675
<tensorflow.python.keras.wrappers.scikit_learn.KerasClassifier object at 0x0000025FFDF39370>,selu,0.004426631729216194,5,164,0.06812362721597812,-0.3231712792456398
<tensorflow.python.keras.wrappers.scikit_learn.KerasClassifier object at 0x0000025FFDF39370>,tanh,0.015998294668815083,2,69,0.04565233838126702,-0.32328311208726124
<tensorflow.python.keras.wrappers.scikit_learn.KerasClassifier object at 0x0000025FFDF39370>,tanh,0.0032534598748979932,3,35,0.03536867533993971,-0.32569411907816753
<tensorflow.python.keras.wrappers.scikit_learn.KerasClassifier object at 0x0000025FFDF39370>,relu,0.0021425451131619677,3,118,0.07646836791896085,-0.3268822884811147
<tensorflow.python.keras.wrappers.scikit_learn.KerasClassifier object at 0x0000025FFDF39370>,tanh,0.020320601185878254,1,28,0.03337520069946201,-0.32706040391862945
<tensorflow.python.keras.wrappers.scikit_learn.KerasClassifier object at 0x0000025FFDF39370>,elu,0.004127576153269767,4,166,0.07607093292499363,-0.3272186110341571
<tensorflow.python.keras.wrappers.scikit_learn.KerasClassifier object at 0x0000025FFDF39370>,tanh,0.009343239684311307,4,54,0.0607237577671663,-0.3274865503138331
<tensorflow.python.keras.wrappers.scikit_learn.KerasClassifier object at 0x0000025FFDF39370>,elu,0.003417914856758485,4,190,0.02393878077149364,-0.3286482549662466
<tensorflow.python.keras.wrappers.scikit_learn.KerasClassifier object at 0x0000025FFDF39370>,tanh,0.009400844161409433,4,183,0.06490390472786017,-0.33301452109008217
<tensorflow.python.keras.wrappers.scikit_learn.KerasClassifier object at 0x0000025FFDF39370>,tanh,0.005240852121920903,3,47,0.07613366703550575,-0.3331788175906687
<tensorflow.python.keras.wrappers.scikit_learn.KerasClassifier object at 0x0000025FFDF39370>,selu,0.002497817290093775,3,179,0.0725753418669918,-0.33490769812422866
<tensorflow.python.keras.wrappers.scikit_learn.KerasClassifier object at 0x0000025FFDF39370>,selu,0.018186534688099533,4,158,0.03642069520071965,-0.3365016632771586
<tensorflow.python.keras.wrappers.scikit_learn.KerasClassifier object at 0x0000025FFDF39370>,selu,0.0007904717922346836,4,129,0.07050340716767138,-0.3368127089377265
<tensorflow.python.keras.wrappers.scikit_learn.KerasClassifier object at 0x0000025FFDF39370>,relu,0.0005598470358718654,4,167,0.060818712856135014,-0.3371328055502498
<tensorflow.python.keras.wrappers.scikit_learn.KerasClassifier object at 0x0000025FFDF39370>,sigmoid,0.005560535915586254,2,30,0.02429175010956013,-0.33830368227537194
<tensorflow.python.keras.wrappers.scikit_learn.KerasClassifier object at 0x0000025FFDF39370>,sigmoid,0.010851258797403686,3,33,0.06839621344098774,-0.33884401370836625
<tensorflow.python.keras.wrappers.scikit_learn.KerasClassifier object at 0x0000025FFDF39370>,tanh,0.021020085353113914,2,21,0.07547290571361066,-0.33955862011819066
<tensorflow.python.keras.wrappers.scikit_learn.KerasClassifier object at 0x0000025FFDF39370>,selu,0.01602627042043052,5,174,0.018187834307211995,-0.3396181906775153
<tensorflow.python.keras.wrappers.scikit_learn.KerasClassifier object at 0x0000025FFDF39370>,elu,0.000677848778619081,4,61,0.04031259621511399,-0.3408712881699152
<tensorflow.python.keras.wrappers.scikit_learn.KerasClassifier object at 0x0000025FFDF39370>,tanh,0.0029102827108726764,4,48,0.07145347940968584,-0.34293854375618577
<tensorflow.python.keras.wrappers.scikit_learn.KerasClassifier object at 0x0000025FFDF39370>,sigmoid,0.003126505349151963,2,59,0.010559062435605589,-0.343358991794989
<tensorflow.python.keras.wrappers.scikit_learn.KerasClassifier object at 0x0000025FFDF39370>,selu,0.006889863805075988,4,151,0.12119107600967167,-0.34636417200341524
<tensorflow.python.keras.wrappers.scikit_learn.KerasClassifier object at 0x0000025FFDF39370>,selu,0.0033808284308997076,5,60,0.06575973448885108,-0.3469954534408097
<tensorflow.python.keras.wrappers.scikit_learn.KerasClassifier object at 0x0000025FFDF39370>,relu,0.00043014358868493263,2,181,0.08808578845656391,-0.3474977398017877
<tensorflow.python.keras.wrappers.scikit_learn.KerasClassifier object at 0x0000025FFDF39370>,relu,0.0019865775849412922,5,149,0.03282843868783626,-0.34760068261722127
<tensorflow.python.keras.wrappers.scikit_learn.KerasClassifier object at 0x0000025FFDF39370>,tanh,0.005801212941729026,4,76,0.040378509912885295,-0.3488583935547512
<tensorflow.python.keras.wrappers.scikit_learn.KerasClassifier object at 0x0000025FFDF39370>,tanh,0.016244200498051708,2,36,0.059756451888073076,-0.3493194500346603
<tensorflow.python.keras.wrappers.scikit_learn.KerasClassifier object at 0x0000025FFDF39370>,selu,0.0003754065507410677,4,186,0.10815882470874674,-0.3497249750728217
<tensorflow.python.keras.wrappers.scikit_learn.KerasClassifier object at 0x0000025FFDF39370>,elu,0.00036994970269653486,5,158,0.10913244979979043,-0.3506347861826808
<tensorflow.python.keras.wrappers.scikit_learn.KerasClassifier object at 0x0000025FFDF39370>,tanh,0.0010382994890277759,2,28,0.040313288882284935,-0.3514588029549442
<tensorflow.python.keras.wrappers.scikit_learn.KerasClassifier object at 0x0000025FFDF39370>,elu,0.0006305801427346323,5,181,0.07529012752170874,-0.3519449419802002
<tensorflow.python.keras.wrappers.scikit_learn.KerasClassifier object at 0x0000025FFDF39370>,relu,0.000955817036596786,3,87,0.050060628577532476,-0.35535293135677826
<tensorflow.python.keras.wrappers.scikit_learn.KerasClassifier object at 0x0000025FFDF39370>,elu,0.004008816142957219,3,154,0.08313539307974517,-0.3554382659440505
<tensorflow.python.keras.wrappers.scikit_learn.KerasClassifier object at 0x0000025FFDF39370>,elu,0.003416562997912651,2,184,0.053592419765148974,-0.3557286260686111
<tensorflow.python.keras.wrappers.scikit_learn.KerasClassifier object at 0x0000025FFDF39370>,relu,0.0006530906804352035,4,156,0.11363538452294697,-0.35761648174120425
<tensorflow.python.keras.wrappers.scikit_learn.KerasClassifier object at 0x0000025FFDF39370>,elu,0.00030431288188362233,4,108,0.08325805519943205,-0.35837662519341784
<tensorflow.python.keras.wrappers.scikit_learn.KerasClassifier object at 0x0000025FFDF39370>,relu,0.002057499215133549,5,81,0.09916025838612319,-0.35841222284694796
<tensorflow.python.keras.wrappers.scikit_learn.KerasClassifier object at 0x0000025FFDF39370>,relu,0.0013851698499050854,3,140,0.028926055263152384,-0.360008344731856
<tensorflow.python.keras.wrappers.scikit_learn.KerasClassifier object at 0x0000025FFDF39370>,selu,0.003091609406193627,4,188,0.07024274551691524,-0.361335193572431
<tensorflow.python.keras.wrappers.scikit_learn.KerasClassifier object at 0x0000025FFDF39370>,elu,0.00944207196361896,3,156,0.13626723881830646,-0.3621330903347245
<tensorflow.python.keras.wrappers.scikit_learn.KerasClassifier object at 0x0000025FFDF39370>,selu,0.00827484345938796,5,83,0.06379339514018532,-0.3636943840382776
<tensorflow.python.keras.wrappers.scikit_learn.KerasClassifier object at 0x0000025FFDF39370>,selu,0.0028664329317528215,5,193,0.08190595667879158,-0.3642270631661274
<tensorflow.python.keras.wrappers.scikit_learn.KerasClassifier object at 0x0000025FFDF39370>,selu,0.0012421589526942938,5,174,0.07417773722414048,-0.36459785309146336
<tensorflow.python.keras.wrappers.scikit_learn.KerasClassifier object at 0x0000025FFDF39370>,selu,0.0005218123783442094,4,131,0.05480243495441963,-0.365092677104402
<tensorflow.python.keras.wrappers.scikit_learn.KerasClassifier object at 0x0000025FFDF39370>,relu,0.018575633718410374,3,156,0.08331758163526812,-0.3655552890799788
<tensorflow.python.keras.wrappers.scikit_learn.KerasClassifier object at 0x0000025FFDF39370>,selu,0.005431479351452157,3,175,0.13649945924604046,-0.366058828551189
<tensorflow.python.keras.wrappers.scikit_learn.KerasClassifier object at 0x0000025FFDF39370>,tanh,0.00030191726920879086,3,79,0.027090024728320606,-0.3667031027717792
<tensorflow.python.keras.wrappers.scikit_learn.KerasClassifier object at 0x0000025FFDF39370>,selu,0.0037680998306395047,2,151,0.09933782718501583,-0.3670914081586159
<tensorflow.python.keras.wrappers.scikit_learn.KerasClassifier object at 0x0000025FFDF39370>,elu,0.0008966127426275346,3,180,0.12174128605461568,-0.36711525184221494
<tensorflow.python.keras.wrappers.scikit_learn.KerasClassifier object at 0x0000025FFDF39370>,relu,0.0004486282674362548,3,148,0.11526975339033997,-0.36843563831938186
<tensorflow.python.keras.wrappers.scikit_learn.KerasClassifier object at 0x0000025FFDF39370>,elu,0.002440388024250521,3,152,0.10561157319315366,-0.36899576590930067
<tensorflow.python.keras.wrappers.scikit_learn.KerasClassifier object at 0x0000025FFDF39370>,selu,0.00036842225569368506,3,124,0.07200240072611198,-0.36900252636552966
<tensorflow.python.keras.wrappers.scikit_learn.KerasClassifier object at 0x0000025FFDF39370>,selu,0.0006909127039129408,5,68,0.07293107403848421,-0.3694027361285746
<tensorflow.python.keras.wrappers.scikit_learn.KerasClassifier object at 0x0000025FFDF39370>,selu,0.0004857099856887113,3,103,0.025663858890992708,-0.36976627247012556
<tensorflow.python.keras.wrappers.scikit_learn.KerasClassifier object at 0x0000025FFDF39370>,tanh,0.010204370388847266,3,25,0.01093716647604462,-0.37005180023641976
<tensorflow.python.keras.wrappers.scikit_learn.KerasClassifier object at 0x0000025FFDF39370>,elu,0.0004844832730168765,1,181,0.12327954960713851,-0.3701897204274574
<tensorflow.python.keras.wrappers.scikit_learn.KerasClassifier object at 0x0000025FFDF39370>,relu,0.0009432515809078583,4,96,0.03893164338443175,-0.37024196362923345
<tensorflow.python.keras.wrappers.scikit_learn.KerasClassifier object at 0x0000025FFDF39370>,elu,0.0012542372396562177,4,147,0.08782953594061094,-0.3704287693993425
<tensorflow.python.keras.wrappers.scikit_learn.KerasClassifier object at 0x0000025FFDF39370>,relu,0.0020223598339446777,5,187,0.09494963371238616,-0.3711447584533874
<tensorflow.python.keras.wrappers.scikit_learn.KerasClassifier object at 0x0000025FFDF39370>,relu,0.004938863080412553,2,113,0.06391000081710782,-0.3718641533870684
<tensorflow.python.keras.wrappers.scikit_learn.KerasClassifier object at 0x0000025FFDF39370>,relu,0.0012692814077400914,2,189,0.06573439988965785,-0.3721805472916243
<tensorflow.python.keras.wrappers.scikit_learn.KerasClassifier object at 0x0000025FFDF39370>,elu,0.003322561227061817,3,122,0.0919342418280216,-0.372341402640666
<tensorflow.python.keras.wrappers.scikit_learn.KerasClassifier object at 0x0000025FFDF39370>,relu,0.0015054407564421208,5,152,0.13593420650185273,-0.3724577089119185
<tensorflow.python.keras.wrappers.scikit_learn.KerasClassifier object at 0x0000025FFDF39370>,elu,0.004133027775076323,3,112,0.08947235568756491,-0.3735464261524811
<tensorflow.python.keras.wrappers.scikit_learn.KerasClassifier object at 0x0000025FFDF39370>,relu,0.0008294110612602334,4,151,0.08456417314681959,-0.3743734951748471
<tensorflow.python.keras.wrappers.scikit_learn.KerasClassifier object at 0x0000025FFDF39370>,relu,0.0015028533914638845,5,151,0.10262819786053586,-0.3747469963829252
<tensorflow.python.keras.wrappers.scikit_learn.KerasClassifier object at 0x0000025FFDF39370>,relu,0.001015270069639723,3,116,0.14151974091323205,-0.3752006720891706
<tensorflow.python.keras.wrappers.scikit_learn.KerasClassifier object at 0x0000025FFDF39370>,elu,0.0018912351664561993,2,146,0.0858945849566417,-0.3752767087486832
<tensorflow.python.keras.wrappers.scikit_learn.KerasClassifier object at 0x0000025FFDF39370>,elu,0.005909367086453738,4,139,0.11320323442214543,-0.376211227081587
<tensorflow.python.keras.wrappers.scikit_learn.KerasClassifier object at 0x0000025FFDF39370>,sigmoid,0.015161369084741354,2,10,0.03360852949368161,-0.37748198479802836
<tensorflow.python.keras.wrappers.scikit_learn.KerasClassifier object at 0x0000025FFDF39370>,elu,0.001204433999584672,5,92,0.0708414423400759,-0.37896278727794785
<tensorflow.python.keras.wrappers.scikit_learn.KerasClassifier object at 0x0000025FFDF39370>,relu,0.0017403671177199612,2,136,0.11056465966031548,-0.37909600911467245
<tensorflow.python.keras.wrappers.scikit_learn.KerasClassifier object at 0x0000025FFDF39370>,relu,0.01907313692897899,4,150,0.07422142011705703,-0.3795099174939805
<tensorflow.python.keras.wrappers.scikit_learn.KerasClassifier object at 0x0000025FFDF39370>,elu,0.028967702559684713,4,104,0.10382926016295745,-0.379882224826189
<tensorflow.python.keras.wrappers.scikit_learn.KerasClassifier object at 0x0000025FFDF39370>,elu,0.00037951363539270367,2,67,0.13289494250740755,-0.3805091057700274
<tensorflow.python.keras.wrappers.scikit_learn.KerasClassifier object at 0x0000025FFDF39370>,relu,0.0006340260822975118,4,152,0.11095128857177836,-0.3814351935187588
<tensorflow.python.keras.wrappers.scikit_learn.KerasClassifier object at 0x0000025FFDF39370>,relu,0.006811457875683037,5,163,0.05753442850175128,-0.3815576545097419
<tensorflow.python.keras.wrappers.scikit_learn.KerasClassifier object at 0x0000025FFDF39370>,tanh,0.002783134388887873,3,22,0.06634794654935762,-0.38214141761731274
<tensorflow.python.keras.wrappers.scikit_learn.KerasClassifier object at 0x0000025FFDF39370>,relu,0.0068762606401393455,2,147,0.0841944006270479,-0.3823434744493896
<tensorflow.python.keras.wrappers.scikit_learn.KerasClassifier object at 0x0000025FFDF39370>,relu,0.020188483170513492,2,98,0.0064122010879383235,-0.3825870133877508
<tensorflow.python.keras.wrappers.scikit_learn.KerasClassifier object at 0x0000025FFDF39370>,relu,0.0015671544903419804,4,132,0.1204201882361261,-0.3831684575806907
<tensorflow.python.keras.wrappers.scikit_learn.KerasClassifier object at 0x0000025FFDF39370>,selu,0.005253856858352489,5,66,0.040745289452463876,-0.3834254430788008
<tensorflow.python.keras.wrappers.scikit_learn.KerasClassifier object at 0x0000025FFDF39370>,selu,0.003200591137846435,5,160,0.1441674165070255,-0.38373353232765756
<tensorflow.python.keras.wrappers.scikit_learn.KerasClassifier object at 0x0000025FFDF39370>,relu,0.0015488203014898483,5,131,0.17296385608570577,-0.38398674402487454
<tensorflow.python.keras.wrappers.scikit_learn.KerasClassifier object at 0x0000025FFDF39370>,relu,0.000773132446604506,3,163,0.1269163554336947,-0.3842084226319044
<tensorflow.python.keras.wrappers.scikit_learn.KerasClassifier object at 0x0000025FFDF39370>,selu,0.003919437360365495,2,147,0.06426771305907267,-0.38428412845506843
<tensorflow.python.keras.wrappers.scikit_learn.KerasClassifier object at 0x0000025FFDF39370>,selu,0.002461766777446323,5,178,0.060495008370070304,-0.3847277816635883
<tensorflow.python.keras.wrappers.scikit_learn.KerasClassifier object at 0x0000025FFDF39370>,relu,0.021474663028489386,3,144,0.06670063881436826,-0.3857081726033839
<tensorflow.python.keras.wrappers.scikit_learn.KerasClassifier object at 0x0000025FFDF39370>,selu,0.01618125462282492,5,54,0.08293370634823963,-0.3863929089587303
<tensorflow.python.keras.wrappers.scikit_learn.KerasClassifier object at 0x0000025FFDF39370>,relu,0.0011874678943972234,2,144,0.10509579859144139,-0.38739287807665757
<tensorflow.python.keras.wrappers.scikit_learn.KerasClassifier object at 0x0000025FFDF39370>,relu,0.0021126684748441404,4,122,0.17426870095111335,-0.38751246750536006
<tensorflow.python.keras.wrappers.scikit_learn.KerasClassifier object at 0x0000025FFDF39370>,selu,0.0011251859344318603,3,198,0.11363784816221613,-0.3879966650698115
<tensorflow.python.keras.wrappers.scikit_learn.KerasClassifier object at 0x0000025FFDF39370>,selu,0.0009124574631574406,5,128,0.12857871611177007,-0.38841885400247644
<tensorflow.python.keras.wrappers.scikit_learn.KerasClassifier object at 0x0000025FFDF39370>,elu,0.008947020123399724,4,103,0.16446532478117748,-0.3892448685424057
<tensorflow.python.keras.wrappers.scikit_learn.KerasClassifier object at 0x0000025FFDF39370>,elu,0.0008144449877269307,5,84,0.0731652227852596,-0.38929923674027994
<tensorflow.python.keras.wrappers.scikit_learn.KerasClassifier object at 0x0000025FFDF39370>,relu,0.00031729524851602947,2,103,0.1540486561349226,-0.38935251288867334
<tensorflow.python.keras.wrappers.scikit_learn.KerasClassifier object at 0x0000025FFDF39370>,selu,0.00030538096121050817,3,106,0.08626496428047953,-0.3893983828403465
<tensorflow.python.keras.wrappers.scikit_learn.KerasClassifier object at 0x0000025FFDF39370>,elu,0.005814032158211794,5,92,0.12908795898193084,-0.3897830752723523
<tensorflow.python.keras.wrappers.scikit_learn.KerasClassifier object at 0x0000025FFDF39370>,selu,0.00039920217219209807,5,63,0.05040798199977504,-0.38986702973243303
<tensorflow.python.keras.wrappers.scikit_learn.KerasClassifier object at 0x0000025FFDF39370>,elu,0.0008942683120082453,4,135,0.10613268821761668,-0.39020929250924563
<tensorflow.python.keras.wrappers.scikit_learn.KerasClassifier object at 0x0000025FFDF39370>,tanh,0.013095216169859999,3,21,0.03705096232526053,-0.39062783144588464
<tensorflow.python.keras.wrappers.scikit_learn.KerasClassifier object at 0x0000025FFDF39370>,relu,0.0021318485541537606,2,95,0.09620863732081705,-0.3909725988843244
<tensorflow.python.keras.wrappers.scikit_learn.KerasClassifier object at 0x0000025FFDF39370>,relu,0.020975786891707843,3,134,0.12294527938871604,-0.39116511676786314
<tensorflow.python.keras.wrappers.scikit_learn.KerasClassifier object at 0x0000025FFDF39370>,sigmoid,0.0038763210558546103,1,14,0.061519204950174995,-0.3928802575534686
<tensorflow.python.keras.wrappers.scikit_learn.KerasClassifier object at 0x0000025FFDF39370>,elu,0.0012351917573396394,4,112,0.07761391296624263,-0.39313186235003716
<tensorflow.python.keras.wrappers.scikit_learn.KerasClassifier object at 0x0000025FFDF39370>,sigmoid,0.027686698689775864,4,47,0.0553489910555719,-0.3934146559680253
<tensorflow.python.keras.wrappers.scikit_learn.KerasClassifier object at 0x0000025FFDF39370>,tanh,0.007016464751085798,5,92,0.09152527213918686,-0.3935113072645042
<tensorflow.python.keras.wrappers.scikit_learn.KerasClassifier object at 0x0000025FFDF39370>,tanh,0.0009757731076357242,4,37,0.05689636109704686,-0.3938934529749575
<tensorflow.python.keras.wrappers.scikit_learn.KerasClassifier object at 0x0000025FFDF39370>,selu,0.005009289081085891,4,87,0.044161326591823556,-0.39408100883974384
<tensorflow.python.keras.wrappers.scikit_learn.KerasClassifier object at 0x0000025FFDF39370>,relu,0.006364394666525983,5,166,0.09340986400437247,-0.3941888981883962
<tensorflow.python.keras.wrappers.scikit_learn.KerasClassifier object at 0x0000025FFDF39370>,elu,0.004279585848619233,3,90,0.1122000087389658,-0.39494943049759973
<tensorflow.python.keras.wrappers.scikit_learn.KerasClassifier object at 0x0000025FFDF39370>,relu,0.00030725609680006433,5,101,0.13615471766676654,-0.39536457299008687
<tensorflow.python.keras.wrappers.scikit_learn.KerasClassifier object at 0x0000025FFDF39370>,sigmoid,0.02194221830850715,4,118,0.05712836013433641,-0.3957376481537137
<tensorflow.python.keras.wrappers.scikit_learn.KerasClassifier object at 0x0000025FFDF39370>,elu,0.00039089716501447536,2,116,0.12739124687879425,-0.3960637268605248
<tensorflow.python.keras.wrappers.scikit_learn.KerasClassifier object at 0x0000025FFDF39370>,selu,0.0009504246256637369,1,146,0.09911018580443452,-0.39624910808372876
<tensorflow.python.keras.wrappers.scikit_learn.KerasClassifier object at 0x0000025FFDF39370>,elu,0.0050893348620380365,4,100,0.04803928426366227,-0.39877471895920136
<tensorflow.python.keras.wrappers.scikit_learn.KerasClassifier object at 0x0000025FFDF39370>,relu,0.029427396481837415,2,109,0.10284851302749079,-0.39897896201000754
<tensorflow.python.keras.wrappers.scikit_learn.KerasClassifier object at 0x0000025FFDF39370>,relu,0.0014933444550371687,2,184,0.09620730739432723,-0.39984529609028846
<tensorflow.python.keras.wrappers.scikit_learn.KerasClassifier object at 0x0000025FFDF39370>,selu,0.01061996693268817,4,184,0.11650805268476644,-0.40074504455857407
<tensorflow.python.keras.wrappers.scikit_learn.KerasClassifier object at 0x0000025FFDF39370>,elu,0.0009417772275935482,2,153,0.07733756201976326,-0.4024760375031225
<tensorflow.python.keras.wrappers.scikit_learn.KerasClassifier object at 0x0000025FFDF39370>,elu,0.0007102038760801741,5,159,0.14470175115616038,-0.40307707235730483
<tensorflow.python.keras.wrappers.scikit_learn.KerasClassifier object at 0x0000025FFDF39370>,selu,0.0032134064316571014,5,154,0.08479724810845962,-0.4031275805111875
<tensorflow.python.keras.wrappers.scikit_learn.KerasClassifier object at 0x0000025FFDF39370>,elu,0.002651559336193192,3,84,0.09783199394240599,-0.404932674158351
<tensorflow.python.keras.wrappers.scikit_learn.KerasClassifier object at 0x0000025FFDF39370>,elu,0.0013690634300296176,5,96,0.03756730267479261,-0.405335132027076
<tensorflow.python.keras.wrappers.scikit_learn.KerasClassifier object at 0x0000025FFDF39370>,elu,0.00212240909057878,2,145,0.0995574049069729,-0.4059101988298019
<tensorflow.python.keras.wrappers.scikit_learn.KerasClassifier object at 0x0000025FFDF39370>,relu,0.004514404546665348,4,114,0.10887072319152644,-0.4064931971505015
<tensorflow.python.keras.wrappers.scikit_learn.KerasClassifier object at 0x0000025FFDF39370>,selu,0.001308546118295801,4,126,0.10318935806129441,-0.40706872475315015
<tensorflow.python.keras.wrappers.scikit_learn.KerasClassifier object at 0x0000025FFDF39370>,relu,0.0038814735615593796,5,164,0.12002737843326854,-0.40789091373571235
<tensorflow.python.keras.wrappers.scikit_learn.KerasClassifier object at 0x0000025FFDF39370>,elu,0.017492071778851957,2,114,0.08782563260747618,-0.40800126217759575
<tensorflow.python.keras.wrappers.scikit_learn.KerasClassifier object at 0x0000025FFDF39370>,relu,0.0005668748081407801,2,164,0.10098585812942544,-0.40839652343585015
<tensorflow.python.keras.wrappers.scikit_learn.KerasClassifier object at 0x0000025FFDF39370>,elu,0.00035128154598488236,1,146,0.1068001724253933,-0.4087805032566138
<tensorflow.python.keras.wrappers.scikit_learn.KerasClassifier object at 0x0000025FFDF39370>,tanh,0.029003822701433212,3,40,0.08737051925951336,-0.4096084076793145
<tensorflow.python.keras.wrappers.scikit_learn.KerasClassifier object at 0x0000025FFDF39370>,selu,0.008210583750709717,2,70,0.08034766443049844,-0.41011708597683916
<tensorflow.python.keras.wrappers.scikit_learn.KerasClassifier object at 0x0000025FFDF39370>,selu,0.005001430872623008,3,61,0.06274471046891089,-0.41025446357470374
<tensorflow.python.keras.wrappers.scikit_learn.KerasClassifier object at 0x0000025FFDF39370>,selu,0.009520307553492365,3,66,0.144742074971952,-0.4103583640595456
<tensorflow.python.keras.wrappers.scikit_learn.KerasClassifier object at 0x0000025FFDF39370>,selu,0.025801197698905952,5,82,0.09243635872374228,-0.41088283852286894
<tensorflow.python.keras.wrappers.scikit_learn.KerasClassifier object at 0x0000025FFDF39370>,selu,0.004404834851880176,3,49,0.08882278527013397,-0.4109505796824117
<tensorflow.python.keras.wrappers.scikit_learn.KerasClassifier object at 0x0000025FFDF39370>,relu,0.0008094292194245954,3,100,0.047886621516168855,-0.41121942072671086
<tensorflow.python.keras.wrappers.scikit_learn.KerasClassifier object at 0x0000025FFDF39370>,relu,0.0031605249260027446,3,66,0.07862038791561377,-0.411252993049124
<tensorflow.python.keras.wrappers.scikit_learn.KerasClassifier object at 0x0000025FFDF39370>,selu,0.00958054679982704,4,122,0.16169703601928817,-0.41154454218453695
<tensorflow.python.keras.wrappers.scikit_learn.KerasClassifier object at 0x0000025FFDF39370>,selu,0.018960778199005327,5,48,0.06627763290775716,-0.4116320326555197
<tensorflow.python.keras.wrappers.scikit_learn.KerasClassifier object at 0x0000025FFDF39370>,relu,0.004029489007860956,3,90,0.12148893900554457,-0.4123380846497717
<tensorflow.python.keras.wrappers.scikit_learn.KerasClassifier object at 0x0000025FFDF39370>,relu,0.0028275969761640237,4,131,0.14924312740271112,-0.41293283172993234
<tensorflow.python.keras.wrappers.scikit_learn.KerasClassifier object at 0x0000025FFDF39370>,selu,0.007517610238948647,5,87,0.12022549636237777,-0.4138768437529905
<tensorflow.python.keras.wrappers.scikit_learn.KerasClassifier object at 0x0000025FFDF39370>,elu,0.02293278743102401,4,175,0.11887217970108617,-0.41481818725873404
<tensorflow.python.keras.wrappers.scikit_learn.KerasClassifier object at 0x0000025FFDF39370>,selu,0.001794442262121047,3,104,0.11719008846783245,-0.415001390057166
<tensorflow.python.keras.wrappers.scikit_learn.KerasClassifier object at 0x0000025FFDF39370>,relu,0.010177999432361445,2,146,0.05851740254727393,-0.4151563146257797
<tensorflow.python.keras.wrappers.scikit_learn.KerasClassifier object at 0x0000025FFDF39370>,relu,0.008694641366217535,2,119,0.09025970211704976,-0.41531280455914027
<tensorflow.python.keras.wrappers.scikit_learn.KerasClassifier object at 0x0000025FFDF39370>,elu,0.0003197800361877322,4,79,0.08459183825963947,-0.4161083381412866
<tensorflow.python.keras.wrappers.scikit_learn.KerasClassifier object at 0x0000025FFDF39370>,relu,0.003037825176041847,3,132,0.12187874958291578,-0.4161763231154762
<tensorflow.python.keras.wrappers.scikit_learn.KerasClassifier object at 0x0000025FFDF39370>,relu,0.0007943846548398771,4,82,0.13626176575932786,-0.41620923760835815
<tensorflow.python.keras.wrappers.scikit_learn.KerasClassifier object at 0x0000025FFDF39370>,relu,0.004669294160553622,2,132,0.11880107272390632,-0.41621126434184896
<tensorflow.python.keras.wrappers.scikit_learn.KerasClassifier object at 0x0000025FFDF39370>,selu,0.0018474354550121477,4,104,0.08106724311114893,-0.4163067858809867
<tensorflow.python.keras.wrappers.scikit_learn.KerasClassifier object at 0x0000025FFDF39370>,selu,0.0013419670887090532,3,114,0.09113326589175823,-0.4166296577782388
<tensorflow.python.keras.wrappers.scikit_learn.KerasClassifier object at 0x0000025FFDF39370>,relu,0.000978716449417623,1,63,0.10204118554984769,-0.41670811328972773
<tensorflow.python.keras.wrappers.scikit_learn.KerasClassifier object at 0x0000025FFDF39370>,selu,0.0005621280661095121,2,81,0.12237159917107943,-0.41933550089211485
<tensorflow.python.keras.wrappers.scikit_learn.KerasClassifier object at 0x0000025FFDF39370>,tanh,0.011346627828548764,4,44,0.0440116694456651,-0.41998370560954185
<tensorflow.python.keras.wrappers.scikit_learn.KerasClassifier object at 0x0000025FFDF39370>,elu,0.0015790313377683184,2,68,0.0872574474207878,-0.4202240729788711
<tensorflow.python.keras.wrappers.scikit_learn.KerasClassifier object at 0x0000025FFDF39370>,elu,0.01621954226362719,5,142,0.11765794670008248,-0.42099649518689725
<tensorflow.python.keras.wrappers.scikit_learn.KerasClassifier object at 0x0000025FFDF39370>,elu,0.000784310291488125,3,33,0.07693700543715444,-0.4211427150840284
<tensorflow.python.keras.wrappers.scikit_learn.KerasClassifier object at 0x0000025FFDF39370>,relu,0.0008364444815399943,4,130,0.06251837207557638,-0.42124670878621173
<tensorflow.python.keras.wrappers.scikit_learn.KerasClassifier object at 0x0000025FFDF39370>,relu,0.02044444349399001,5,154,0.07325971778940622,-0.42146892961439486
<tensorflow.python.keras.wrappers.scikit_learn.KerasClassifier object at 0x0000025FFDF39370>,selu,0.0016015584626629903,2,171,0.10029326237849713,-0.42169267396195
<tensorflow.python.keras.wrappers.scikit_learn.KerasClassifier object at 0x0000025FFDF39370>,elu,0.0017538978364930234,1,82,0.0917551640650248,-0.4218007962857842
<tensorflow.python.keras.wrappers.scikit_learn.KerasClassifier object at 0x0000025FFDF39370>,sigmoid,0.0066418012764929354,4,113,0.04781535801018386,-0.42288332909077414
<tensorflow.python.keras.wrappers.scikit_learn.KerasClassifier object at 0x0000025FFDF39370>,elu,0.007004428578838651,4,167,0.12919788287119524,-0.42332138756547444
<tensorflow.python.keras.wrappers.scikit_learn.KerasClassifier object at 0x0000025FFDF39370>,relu,0.0006412127881497147,1,126,0.06784556323828152,-0.4240135494032049
<tensorflow.python.keras.wrappers.scikit_learn.KerasClassifier object at 0x0000025FFDF39370>,selu,0.003593920363965601,2,120,0.0952064300024963,-0.4242819405671129
<tensorflow.python.keras.wrappers.scikit_learn.KerasClassifier object at 0x0000025FFDF39370>,elu,0.004600557797397469,1,68,0.10366508583547734,-0.42466403276940967
<tensorflow.python.keras.wrappers.scikit_learn.KerasClassifier object at 0x0000025FFDF39370>,selu,0.021555528550779017,5,94,0.15143530631310356,-0.42470281467897875
<tensorflow.python.keras.wrappers.scikit_learn.KerasClassifier object at 0x0000025FFDF39370>,elu,0.028046481380789055,4,155,0.07912039035504909,-0.4249857815864134
<tensorflow.python.keras.wrappers.scikit_learn.KerasClassifier object at 0x0000025FFDF39370>,elu,0.0006188215885043995,4,76,0.10930317179328712,-0.42513646254241555
<tensorflow.python.keras.wrappers.scikit_learn.KerasClassifier object at 0x0000025FFDF39370>,selu,0.0025967112412085434,1,150,0.08710948130791246,-0.425209588006423
<tensorflow.python.keras.wrappers.scikit_learn.KerasClassifier object at 0x0000025FFDF39370>,elu,0.007046137601915813,3,72,0.11448406254763131,-0.4257085241471325
<tensorflow.python.keras.wrappers.scikit_learn.KerasClassifier object at 0x0000025FFDF39370>,selu,0.0016719770554948776,4,60,0.1635536415077752,-0.4257995304060695
<tensorflow.python.keras.wrappers.scikit_learn.KerasClassifier object at 0x0000025FFDF39370>,relu,0.00048078263309418083,5,100,0.1385267638466338,-0.4277478831802846
<tensorflow.python.keras.wrappers.scikit_learn.KerasClassifier object at 0x0000025FFDF39370>,elu,0.00035522546420332934,4,38,0.07114964270766766,-0.42794921768740557
<tensorflow.python.keras.wrappers.scikit_learn.KerasClassifier object at 0x0000025FFDF39370>,relu,0.007076937398290098,4,81,0.16572968981343708,-0.4279703286424397
<tensorflow.python.keras.wrappers.scikit_learn.KerasClassifier object at 0x0000025FFDF39370>,selu,0.027442212580435502,5,173,0.058708618830861634,-0.4287210633835476
<tensorflow.python.keras.wrappers.scikit_learn.KerasClassifier object at 0x0000025FFDF39370>,selu,0.005706446377720891,3,89,0.08868525970375044,-0.42875823944729563
<tensorflow.python.keras.wrappers.scikit_learn.KerasClassifier object at 0x0000025FFDF39370>,sigmoid,0.0005354803932881862,1,138,0.02041294998193765,-0.4291464538754756
<tensorflow.python.keras.wrappers.scikit_learn.KerasClassifier object at 0x0000025FFDF39370>,relu,0.0010573172661303785,3,82,0.12388364124855858,-0.4299998907406794
<tensorflow.python.keras.wrappers.scikit_learn.KerasClassifier object at 0x0000025FFDF39370>,selu,0.0009550999684044464,2,114,0.07157878449494995,-0.430034596956084
<tensorflow.python.keras.wrappers.scikit_learn.KerasClassifier object at 0x0000025FFDF39370>,selu,0.0006866127067218758,4,99,0.08847806267429827,-0.43051174675308534
<tensorflow.python.keras.wrappers.scikit_learn.KerasClassifier object at 0x0000025FFDF39370>,relu,0.00034475200551041004,2,98,0.1436646313868252,-0.43065269747878215
<tensorflow.python.keras.wrappers.scikit_learn.KerasClassifier object at 0x0000025FFDF39370>,selu,0.0015827936123672334,2,116,0.0942643750251728,-0.4308371526781555
<tensorflow.python.keras.wrappers.scikit_learn.KerasClassifier object at 0x0000025FFDF39370>,selu,0.007278895651105736,4,149,0.06286475307128002,-0.4317010186078731
<tensorflow.python.keras.wrappers.scikit_learn.KerasClassifier object at 0x0000025FFDF39370>,tanh,0.02504645768452298,5,48,0.1065847241207274,-0.4325464465079746
<tensorflow.python.keras.wrappers.scikit_learn.KerasClassifier object at 0x0000025FFDF39370>,relu,0.006049774126557225,2,95,0.12078139975800946,-0.43316492895415
<tensorflow.python.keras.wrappers.scikit_learn.KerasClassifier object at 0x0000025FFDF39370>,selu,0.0011234996780381775,3,80,0.10178605903844908,-0.43530378003469905
<tensorflow.python.keras.wrappers.scikit_learn.KerasClassifier object at 0x0000025FFDF39370>,elu,0.0011847121763977069,5,73,0.10028895161243054,-0.43536698068841234
<tensorflow.python.keras.wrappers.scikit_learn.KerasClassifier object at 0x0000025FFDF39370>,selu,0.004341072074387248,2,132,0.049078613352422716,-0.4363195385318888
<tensorflow.python.keras.wrappers.scikit_learn.KerasClassifier object at 0x0000025FFDF39370>,selu,0.028302107021196125,3,130,0.020334054579459467,-0.43690677913783726
<tensorflow.python.keras.wrappers.scikit_learn.KerasClassifier object at 0x0000025FFDF39370>,relu,0.009910634224483364,4,124,0.1201436600300809,-0.4374023077399874
<tensorflow.python.keras.wrappers.scikit_learn.KerasClassifier object at 0x0000025FFDF39370>,selu,0.00296944352774674,4,89,0.08687613270066276,-0.43775155805762483
<tensorflow.python.keras.wrappers.scikit_learn.KerasClassifier object at 0x0000025FFDF39370>,elu,0.007432171766432693,1,134,0.08474220014422217,-0.4379807040550072
<tensorflow.python.keras.wrappers.scikit_learn.KerasClassifier object at 0x0000025FFDF39370>,elu,0.000856766904690502,3,69,0.13854295552883084,-0.43813608908681334
<tensorflow.python.keras.wrappers.scikit_learn.KerasClassifier object at 0x0000025FFDF39370>,elu,0.008707950160600919,1,129,0.07028609506317579,-0.438140599154087
<tensorflow.python.keras.wrappers.scikit_learn.KerasClassifier object at 0x0000025FFDF39370>,relu,0.0012323709540536722,1,116,0.17788587596482308,-0.43863872131517706
<tensorflow.python.keras.wrappers.scikit_learn.KerasClassifier object at 0x0000025FFDF39370>,selu,0.0008993895072782639,3,75,0.13787092699841386,-0.438841656631005
<tensorflow.python.keras.wrappers.scikit_learn.KerasClassifier object at 0x0000025FFDF39370>,selu,0.012153591146355038,3,81,0.06090253678822235,-0.4402024428001405
<tensorflow.python.keras.wrappers.scikit_learn.KerasClassifier object at 0x0000025FFDF39370>,relu,0.0003794336751569383,3,35,0.059535862789204426,-0.4412458356034448
<tensorflow.python.keras.wrappers.scikit_learn.KerasClassifier object at 0x0000025FFDF39370>,elu,0.020484491573735265,3,99,0.09697374961968762,-0.44125187253650555
<tensorflow.python.keras.wrappers.scikit_learn.KerasClassifier object at 0x0000025FFDF39370>,relu,0.0012299474519412003,3,61,0.07256401079805976,-0.4437323596652847
<tensorflow.python.keras.wrappers.scikit_learn.KerasClassifier object at 0x0000025FFDF39370>,relu,0.006625472709200493,3,37,0.16806210353478998,-0.44376758666677485
<tensorflow.python.keras.wrappers.scikit_learn.KerasClassifier object at 0x0000025FFDF39370>,selu,0.0012798688121696525,5,86,0.10247918005142932,-0.4439851704339424
<tensorflow.python.keras.wrappers.scikit_learn.KerasClassifier object at 0x0000025FFDF39370>,selu,0.009999876616534327,5,126,0.05864716346367387,-0.4454064441050146
<tensorflow.python.keras.wrappers.scikit_learn.KerasClassifier object at 0x0000025FFDF39370>,selu,0.00785638710871418,4,50,0.11419162317333055,-0.44601986676043964
<tensorflow.python.keras.wrappers.scikit_learn.KerasClassifier object at 0x0000025FFDF39370>,selu,0.008282783123045768,4,83,0.12964830071481365,-0.4460716311914079
<tensorflow.python.keras.wrappers.scikit_learn.KerasClassifier object at 0x0000025FFDF39370>,elu,0.0006393812373836709,1,186,0.10906817767305116,-0.44749934989125234
<tensorflow.python.keras.wrappers.scikit_learn.KerasClassifier object at 0x0000025FFDF39370>,relu,0.00046797265246311813,5,69,0.178074081463923,-0.4478768824293002
<tensorflow.python.keras.wrappers.scikit_learn.KerasClassifier object at 0x0000025FFDF39370>,relu,0.002733893746057391,4,76,0.1348834192788676,-0.4479869367981409
<tensorflow.python.keras.wrappers.scikit_learn.KerasClassifier object at 0x0000025FFDF39370>,selu,0.027057476333266512,3,74,0.15938029690847674,-0.44901081974819884
<tensorflow.python.keras.wrappers.scikit_learn.KerasClassifier object at 0x0000025FFDF39370>,elu,0.016447440190880187,4,89,0.1341668323938579,-0.4490959431759787
<tensorflow.python.keras.wrappers.scikit_learn.KerasClassifier object at 0x0000025FFDF39370>,relu,0.005947272957709346,1,63,0.13119613234174823,-0.45003484682458145
<tensorflow.python.keras.wrappers.scikit_learn.KerasClassifier object at 0x0000025FFDF39370>,tanh,0.010495013209405057,4,33,0.022237032943723353,-0.45024667079488256
<tensorflow.python.keras.wrappers.scikit_learn.KerasClassifier object at 0x0000025FFDF39370>,relu,0.019627837032398922,4,111,0.05008353051452438,-0.4503957436097582
<tensorflow.python.keras.wrappers.scikit_learn.KerasClassifier object at 0x0000025FFDF39370>,elu,0.01949080199047228,2,133,0.08522445228857904,-0.4505048622741399
<tensorflow.python.keras.wrappers.scikit_learn.KerasClassifier object at 0x0000025FFDF39370>,elu,0.0007360770249356966,3,38,0.11180428091618182,-0.45057531462075495
<tensorflow.python.keras.wrappers.scikit_learn.KerasClassifier object at 0x0000025FFDF39370>,sigmoid,0.01499295297382828,4,57,0.15637725165297353,-0.45080016933015926
<tensorflow.python.keras.wrappers.scikit_learn.KerasClassifier object at 0x0000025FFDF39370>,elu,0.017850522534576772,2,84,0.045326691687323103,-0.45196624607531244
<tensorflow.python.keras.wrappers.scikit_learn.KerasClassifier object at 0x0000025FFDF39370>,selu,0.005157474470722236,2,94,0.0898692912937319,-0.4519983277771616
<tensorflow.python.keras.wrappers.scikit_learn.KerasClassifier object at 0x0000025FFDF39370>,relu,0.002474832292623532,2,76,0.0957587759137114,-0.45235024305391514
<tensorflow.python.keras.wrappers.scikit_learn.KerasClassifier object at 0x0000025FFDF39370>,selu,0.014434492336992046,5,112,0.14083943664284684,-0.4539889617851124
<tensorflow.python.keras.wrappers.scikit_learn.KerasClassifier object at 0x0000025FFDF39370>,elu,0.024982438298706715,3,69,0.11296275344579731,-0.4545294404774985
<tensorflow.python.keras.wrappers.scikit_learn.KerasClassifier object at 0x0000025FFDF39370>,relu,0.007519571425926979,2,56,0.13826842920923824,-0.45546707353895954
<tensorflow.python.keras.wrappers.scikit_learn.KerasClassifier object at 0x0000025FFDF39370>,relu,0.00034820397118863006,2,53,0.10384653877552417,-0.4570309856159252
<tensorflow.python.keras.wrappers.scikit_learn.KerasClassifier object at 0x0000025FFDF39370>,elu,0.0017814578935857564,1,110,0.10059750618653533,-0.45765463442737725
<tensorflow.python.keras.wrappers.scikit_learn.KerasClassifier object at 0x0000025FFDF39370>,relu,0.0012591961631788003,5,100,0.09166289463122133,-0.45789096073904717
<tensorflow.python.keras.wrappers.scikit_learn.KerasClassifier object at 0x0000025FFDF39370>,elu,0.001131676666470709,3,47,0.06754754961685633,-0.4601865024650781
<tensorflow.python.keras.wrappers.scikit_learn.KerasClassifier object at 0x0000025FFDF39370>,elu,0.0023752238864539563,1,77,0.0940645655229146,-0.4602956279849958
<tensorflow.python.keras.wrappers.scikit_learn.KerasClassifier object at 0x0000025FFDF39370>,relu,0.0058854493687482455,5,89,0.08859607679900394,-0.4630848046893815
<tensorflow.python.keras.wrappers.scikit_learn.KerasClassifier object at 0x0000025FFDF39370>,selu,0.005249017947548739,1,117,0.12888076899683124,-0.46344341433638486
<tensorflow.python.keras.wrappers.scikit_learn.KerasClassifier object at 0x0000025FFDF39370>,relu,0.02413818261971688,1,165,0.11747971397441435,-0.46356772886388775
<tensorflow.python.keras.wrappers.scikit_learn.KerasClassifier object at 0x0000025FFDF39370>,relu,0.0012559779512474165,2,96,0.1384697078340348,-0.463594042072587
<tensorflow.python.keras.wrappers.scikit_learn.KerasClassifier object at 0x0000025FFDF39370>,selu,0.004054748095003813,3,52,0.11252499067838868,-0.46359793287396484
<tensorflow.python.keras.wrappers.scikit_learn.KerasClassifier object at 0x0000025FFDF39370>,elu,0.0019469833638912583,1,113,0.09562138915494461,-0.46371982870051554
<tensorflow.python.keras.wrappers.scikit_learn.KerasClassifier object at 0x0000025FFDF39370>,elu,0.004922797533195351,4,57,0.16062755837501672,-0.46390610522445197
<tensorflow.python.keras.wrappers.scikit_learn.KerasClassifier object at 0x0000025FFDF39370>,selu,0.02599258388483338,5,48,0.18542656908637123,-0.4640025294127616
<tensorflow.python.keras.wrappers.scikit_learn.KerasClassifier object at 0x0000025FFDF39370>,relu,0.0021875506914605138,4,36,0.14562566114609685,-0.46509954359725947
<tensorflow.python.keras.wrappers.scikit_learn.KerasClassifier object at 0x0000025FFDF39370>,selu,0.00035660707466933614,3,92,0.07749016955121268,-0.46583915765142675
<tensorflow.python.keras.wrappers.scikit_learn.KerasClassifier object at 0x0000025FFDF39370>,selu,0.005350501490884095,1,139,0.15249455677910193,-0.4659965565690346
<tensorflow.python.keras.wrappers.scikit_learn.KerasClassifier object at 0x0000025FFDF39370>,relu,0.0003968967725156214,1,46,0.06307757614884814,-0.46616837394930166
<tensorflow.python.keras.wrappers.scikit_learn.KerasClassifier object at 0x0000025FFDF39370>,elu,0.00962262976581366,1,108,0.09290622101481902,-0.46637587013699944
<tensorflow.python.keras.wrappers.scikit_learn.KerasClassifier object at 0x0000025FFDF39370>,elu,0.0035349791840486957,2,34,0.15726523949139634,-0.46638665631211446
<tensorflow.python.keras.wrappers.scikit_learn.KerasClassifier object at 0x0000025FFDF39370>,relu,0.005140309259135895,5,106,0.1102544056593147,-0.46676285900807984
<tensorflow.python.keras.wrappers.scikit_learn.KerasClassifier object at 0x0000025FFDF39370>,selu,0.006894705683741595,2,85,0.116886404742075,-0.46688733802022897
<tensorflow.python.keras.wrappers.scikit_learn.KerasClassifier object at 0x0000025FFDF39370>,selu,0.02800179117382835,2,138,0.12815615211176146,-0.46824171410252774
<tensorflow.python.keras.wrappers.scikit_learn.KerasClassifier object at 0x0000025FFDF39370>,selu,0.006837231974620225,1,194,0.10240537178235878,-0.47032010906639526
<tensorflow.python.keras.wrappers.scikit_learn.KerasClassifier object at 0x0000025FFDF39370>,relu,0.002362690954336622,5,66,0.15377444547690386,-0.4713195941557512
<tensorflow.python.keras.wrappers.scikit_learn.KerasClassifier object at 0x0000025FFDF39370>,relu,0.0005013180818732107,1,108,0.07798833148266351,-0.47139880455170813
<tensorflow.python.keras.wrappers.scikit_learn.KerasClassifier object at 0x0000025FFDF39370>,selu,0.000608849375247919,1,137,0.05590643760185294,-0.47161582609076175
<tensorflow.python.keras.wrappers.scikit_learn.KerasClassifier object at 0x0000025FFDF39370>,elu,0.010361730791970164,4,63,0.04960450167098148,-0.4727369411957739
<tensorflow.python.keras.wrappers.scikit_learn.KerasClassifier object at 0x0000025FFDF39370>,selu,0.000757379054611669,1,68,0.2187762745044738,-0.47308688829387346
<tensorflow.python.keras.wrappers.scikit_learn.KerasClassifier object at 0x0000025FFDF39370>,elu,0.010559406447561502,5,49,0.0793053947037234,-0.4736852557180018
<tensorflow.python.keras.wrappers.scikit_learn.KerasClassifier object at 0x0000025FFDF39370>,selu,0.00047596501229177845,1,139,0.14609459277391126,-0.47474845084192957
<tensorflow.python.keras.wrappers.scikit_learn.KerasClassifier object at 0x0000025FFDF39370>,elu,0.0018270866100123936,4,50,0.08518006194666913,-0.47613987567555544
<tensorflow.python.keras.wrappers.scikit_learn.KerasClassifier object at 0x0000025FFDF39370>,selu,0.011897025245313024,4,30,0.18392210113205254,-0.4770523291081023
<tensorflow.python.keras.wrappers.scikit_learn.KerasClassifier object at 0x0000025FFDF39370>,elu,0.017317193144719863,4,78,0.15510425834934807,-0.47769489375164853
<tensorflow.python.keras.wrappers.scikit_learn.KerasClassifier object at 0x0000025FFDF39370>,elu,0.02073418056392505,1,63,0.09748228563818281,-0.4783334526135937
<tensorflow.python.keras.wrappers.scikit_learn.KerasClassifier object at 0x0000025FFDF39370>,selu,0.026646402420842152,4,54,0.09898057568286858,-0.4788034445135139
<tensorflow.python.keras.wrappers.scikit_learn.KerasClassifier object at 0x0000025FFDF39370>,sigmoid,0.0004899050116720677,1,112,0.025269272705632572,-0.4788055441697849
<tensorflow.python.keras.wrappers.scikit_learn.KerasClassifier object at 0x0000025FFDF39370>,elu,0.010761603144297933,1,47,0.12207181686615937,-0.4790258501661526
<tensorflow.python.keras.wrappers.scikit_learn.KerasClassifier object at 0x0000025FFDF39370>,selu,0.0016353259727504008,1,83,0.08833976082383849,-0.4794032489522633
<tensorflow.python.keras.wrappers.scikit_learn.KerasClassifier object at 0x0000025FFDF39370>,selu,0.003285062540743534,1,148,0.09242754635322573,-0.4826189062387381
<tensorflow.python.keras.wrappers.scikit_learn.KerasClassifier object at 0x0000025FFDF39370>,relu,0.0013610659003379564,1,108,0.12650951590064843,-0.4829157212629471
<tensorflow.python.keras.wrappers.scikit_learn.KerasClassifier object at 0x0000025FFDF39370>,relu,0.016249615235119374,2,37,0.11077550645723304,-0.48558695668836893
<tensorflow.python.keras.wrappers.scikit_learn.KerasClassifier object at 0x0000025FFDF39370>,relu,0.023281965384480022,5,105,0.14574180614825044,-0.48606465986245095
<tensorflow.python.keras.wrappers.scikit_learn.KerasClassifier object at 0x0000025FFDF39370>,elu,0.0016551099638282439,1,105,0.135543969261584,-0.4873869036285191
<tensorflow.python.keras.wrappers.scikit_learn.KerasClassifier object at 0x0000025FFDF39370>,elu,0.0037955922546491056,1,107,0.16580736869898224,-0.48768614632003715
<tensorflow.python.keras.wrappers.scikit_learn.KerasClassifier object at 0x0000025FFDF39370>,selu,0.0036036948593684967,1,194,0.0938423923238357,-0.48891903511033946
<tensorflow.python.keras.wrappers.scikit_learn.KerasClassifier object at 0x0000025FFDF39370>,relu,0.008784145551833728,2,51,0.18914667402372334,-0.48969981614535696
<tensorflow.python.keras.wrappers.scikit_learn.KerasClassifier object at 0x0000025FFDF39370>,selu,0.005740317401742377,1,177,0.08391218198364421,-0.49267564567448136
<tensorflow.python.keras.wrappers.scikit_learn.KerasClassifier object at 0x0000025FFDF39370>,elu,0.0055676172359453,5,48,0.08843725876110596,-0.4932252958546965
<tensorflow.python.keras.wrappers.scikit_learn.KerasClassifier object at 0x0000025FFDF39370>,relu,0.00634125165424048,1,114,0.08497179488182525,-0.4941705952036359
<tensorflow.python.keras.wrappers.scikit_learn.KerasClassifier object at 0x0000025FFDF39370>,tanh,0.0015429318015201478,5,19,0.02923585820533124,-0.49522601342527045
<tensorflow.python.keras.wrappers.scikit_learn.KerasClassifier object at 0x0000025FFDF39370>,elu,0.0005546821580966834,5,81,0.14823300772319908,-0.49556228739698205
<tensorflow.python.keras.wrappers.scikit_learn.KerasClassifier object at 0x0000025FFDF39370>,selu,0.0013804640417128967,2,80,0.15732814565141132,-0.4969212881071115
<tensorflow.python.keras.wrappers.scikit_learn.KerasClassifier object at 0x0000025FFDF39370>,tanh,0.0007938242681591324,4,22,0.07437129537009406,-0.4980327816989862
<tensorflow.python.keras.wrappers.scikit_learn.KerasClassifier object at 0x0000025FFDF39370>,selu,0.002757589386726391,1,127,0.10989985659902914,-0.4994549761695879
<tensorflow.python.keras.wrappers.scikit_learn.KerasClassifier object at 0x0000025FFDF39370>,elu,0.029236328569592306,3,29,0.1298820871958315,-0.5012884289677424
<tensorflow.python.keras.wrappers.scikit_learn.KerasClassifier object at 0x0000025FFDF39370>,selu,0.011549361706793099,2,62,0.08946947493212293,-0.5015763759783254
<tensorflow.python.keras.wrappers.scikit_learn.KerasClassifier object at 0x0000025FFDF39370>,selu,0.009531572430594284,5,59,0.09564668825070743,-0.5016748731156404
<tensorflow.python.keras.wrappers.scikit_learn.KerasClassifier object at 0x0000025FFDF39370>,relu,0.005096092425388954,1,122,0.16531308458796032,-0.5017390054629213
<tensorflow.python.keras.wrappers.scikit_learn.KerasClassifier object at 0x0000025FFDF39370>,selu,0.02903318164411726,1,190,0.12654642683628137,-0.5024693178573449
<tensorflow.python.keras.wrappers.scikit_learn.KerasClassifier object at 0x0000025FFDF39370>,relu,0.0006856488888807145,1,35,0.18053326832955274,-0.502674644169459
<tensorflow.python.keras.wrappers.scikit_learn.KerasClassifier object at 0x0000025FFDF39370>,relu,0.002677754878103998,2,27,0.1781851526859534,-0.5031559363576675
<tensorflow.python.keras.wrappers.scikit_learn.KerasClassifier object at 0x0000025FFDF39370>,elu,0.019687831877644446,5,73,0.130852947181962,-0.5036339455386565
<tensorflow.python.keras.wrappers.scikit_learn.KerasClassifier object at 0x0000025FFDF39370>,elu,0.010443997708352436,5,66,0.06634329170464814,-0.5043901910646098
<tensorflow.python.keras.wrappers.scikit_learn.KerasClassifier object at 0x0000025FFDF39370>,selu,0.011421698225571559,1,184,0.1070313145628005,-0.5045995407614425
<tensorflow.python.keras.wrappers.scikit_learn.KerasClassifier object at 0x0000025FFDF39370>,elu,0.0041113945178547035,1,165,0.14189477039413975,-0.5049925273054247
<tensorflow.python.keras.wrappers.scikit_learn.KerasClassifier object at 0x0000025FFDF39370>,relu,0.0010249379427284416,2,27,0.15148940188843568,-0.5050397554160977
<tensorflow.python.keras.wrappers.scikit_learn.KerasClassifier object at 0x0000025FFDF39370>,relu,0.008095497996452192,5,50,0.11021450225177995,-0.5055889109588171
<tensorflow.python.keras.wrappers.scikit_learn.KerasClassifier object at 0x0000025FFDF39370>,selu,0.003248914550359893,3,58,0.15238429566194536,-0.505745208704881
<tensorflow.python.keras.wrappers.scikit_learn.KerasClassifier object at 0x0000025FFDF39370>,selu,0.0005131430835263221,1,14,0.06713343886344698,-0.5102720410799741
<tensorflow.python.keras.wrappers.scikit_learn.KerasClassifier object at 0x0000025FFDF39370>,selu,0.003688821332197711,2,22,0.10497909640448513,-0.5113464841544042
<tensorflow.python.keras.wrappers.scikit_learn.KerasClassifier object at 0x0000025FFDF39370>,selu,0.002023179073696409,2,21,0.1348614237967824,-0.5117868599569433
<tensorflow.python.keras.wrappers.scikit_learn.KerasClassifier object at 0x0000025FFDF39370>,relu,0.0024499120914977723,1,107,0.15684376784892998,-0.5140837337665871
<tensorflow.python.keras.wrappers.scikit_learn.KerasClassifier object at 0x0000025FFDF39370>,relu,0.0009214610985710738,3,30,0.05948784222815532,-0.5141112273036244
<tensorflow.python.keras.wrappers.scikit_learn.KerasClassifier object at 0x0000025FFDF39370>,selu,0.0006398793251544334,4,31,0.17768423442295916,-0.5158801194249881
<tensorflow.python.keras.wrappers.scikit_learn.KerasClassifier object at 0x0000025FFDF39370>,elu,0.001798275036724184,5,49,0.17274497352752236,-0.5173621212333864
<tensorflow.python.keras.wrappers.scikit_learn.KerasClassifier object at 0x0000025FFDF39370>,sigmoid,0.001862656346160525,1,17,0.03151981143875084,-0.5187993995136673
<tensorflow.python.keras.wrappers.scikit_learn.KerasClassifier object at 0x0000025FFDF39370>,tanh,0.00037870190068551267,4,32,0.05506034261631242,-0.5195202841804969
<tensorflow.python.keras.wrappers.scikit_learn.KerasClassifier object at 0x0000025FFDF39370>,relu,0.0030147242918521946,2,34,0.1540342578805825,-0.5201501855599862
<tensorflow.python.keras.wrappers.scikit_learn.KerasClassifier object at 0x0000025FFDF39370>,elu,0.0006507369849408557,2,30,0.07274104790119058,-0.5205935444762131
<tensorflow.python.keras.wrappers.scikit_learn.KerasClassifier object at 0x0000025FFDF39370>,relu,0.0015401806077940006,1,69,0.12001809647015128,-0.52141073140036
<tensorflow.python.keras.wrappers.scikit_learn.KerasClassifier object at 0x0000025FFDF39370>,selu,0.019318402309730205,1,92,0.12961282566151472,-0.5217866474599042
<tensorflow.python.keras.wrappers.scikit_learn.KerasClassifier object at 0x0000025FFDF39370>,elu,0.012094517961573641,3,33,0.1449315869024368,-0.5270084998396355
<tensorflow.python.keras.wrappers.scikit_learn.KerasClassifier object at 0x0000025FFDF39370>,sigmoid,0.02798903151533555,3,10,0.08955568227953217,-0.5280947542949729
<tensorflow.python.keras.wrappers.scikit_learn.KerasClassifier object at 0x0000025FFDF39370>,relu,0.023247309178305576,2,22,0.11467644585687285,-0.5304336800275491
<tensorflow.python.keras.wrappers.scikit_learn.KerasClassifier object at 0x0000025FFDF39370>,relu,0.0017540650884776956,2,19,0.12260239989084794,-0.5308060991740952
<tensorflow.python.keras.wrappers.scikit_learn.KerasClassifier object at 0x0000025FFDF39370>,relu,0.018586517705307403,1,181,0.18052553196132637,-0.5316129618496385
<tensorflow.python.keras.wrappers.scikit_learn.KerasClassifier object at 0x0000025FFDF39370>,selu,0.004429970525319002,1,76,0.15155605763045335,-0.5334166847294852
<tensorflow.python.keras.wrappers.scikit_learn.KerasClassifier object at 0x0000025FFDF39370>,elu,0.0008674887155275513,1,6,0.13974381590547008,-0.5354060939364257
<tensorflow.python.keras.wrappers.scikit_learn.KerasClassifier object at 0x0000025FFDF39370>,relu,0.0004194009636594686,1,57,0.12480188984458528,-0.5380855662189665
<tensorflow.python.keras.wrappers.scikit_learn.KerasClassifier object at 0x0000025FFDF39370>,selu,0.0018967859506317745,4,32,0.12884834532680436,-0.5423141868648947
<tensorflow.python.keras.wrappers.scikit_learn.KerasClassifier object at 0x0000025FFDF39370>,relu,0.0009962735226761628,4,23,0.07820538910665374,-0.5441879847812395
<tensorflow.python.keras.wrappers.scikit_learn.KerasClassifier object at 0x0000025FFDF39370>,relu,0.00276878821738367,5,29,0.1425843440247935,-0.551861834814542
<tensorflow.python.keras.wrappers.scikit_learn.KerasClassifier object at 0x0000025FFDF39370>,selu,0.005443455427741595,3,18,0.18095704814688263,-0.5518947088152817
<tensorflow.python.keras.wrappers.scikit_learn.KerasClassifier object at 0x0000025FFDF39370>,selu,0.0204080690203082,1,118,0.14692359761432144,-0.5573165088443935
<tensorflow.python.keras.wrappers.scikit_learn.KerasClassifier object at 0x0000025FFDF39370>,relu,0.027911303772874214,1,23,0.1425594012767301,-0.5595815963932426
<tensorflow.python.keras.wrappers.scikit_learn.KerasClassifier object at 0x0000025FFDF39370>,selu,0.01610600560614097,4,36,0.14533783259626482,-0.5699686672674374
<tensorflow.python.keras.wrappers.scikit_learn.KerasClassifier object at 0x0000025FFDF39370>,selu,0.014514611437003671,1,33,0.1305747215135951,-0.5738577631659352
<tensorflow.python.keras.wrappers.scikit_learn.KerasClassifier object at 0x0000025FFDF39370>,selu,0.02443729442566337,4,26,0.0986551303240866,-0.5752183234736447
<tensorflow.python.keras.wrappers.scikit_learn.KerasClassifier object at 0x0000025FFDF39370>,selu,0.004563016260348771,5,30,0.06264143804721338,-0.5915349256266047
<tensorflow.python.keras.wrappers.scikit_learn.KerasClassifier object at 0x0000025FFDF39370>,relu,0.0004027465111434539,1,7,0.04727425271993492,-0.598310549351844
<tensorflow.python.keras.wrappers.scikit_learn.KerasClassifier object at 0x0000025FFDF39370>,elu,0.00044205613197192126,5,15,0.14120253177143313,-0.6044068066230972
<tensorflow.python.keras.wrappers.scikit_learn.KerasClassifier object at 0x0000025FFDF39370>,relu,0.0038348796717436796,1,12,0.0811583897478558,-0.6044978442318677
<tensorflow.python.keras.wrappers.scikit_learn.KerasClassifier object at 0x0000025FFDF39370>,elu,0.008346209895184762,1,58,0.23193328379013395,-0.6046164816943723
<tensorflow.python.keras.wrappers.scikit_learn.KerasClassifier object at 0x0000025FFDF39370>,elu,0.0008332384756561682,2,9,0.2369932511674678,-0.6048100674276622
<tensorflow.python.keras.wrappers.scikit_learn.KerasClassifier object at 0x0000025FFDF39370>,selu,0.0009907552524566817,2,8,0.13237193574454392,-0.626604866163002
<tensorflow.python.keras.wrappers.scikit_learn.KerasClassifier object at 0x0000025FFDF39370>,relu,0.0012885375887311391,2,10,0.13255888670501106,-0.6497141396891283
<tensorflow.python.keras.wrappers.scikit_learn.KerasClassifier object at 0x0000025FFDF39370>,sigmoid,0.018771793600808818,4,27,0.06366092656610577,-0.6602681456522528
<tensorflow.python.keras.wrappers.scikit_learn.KerasClassifier object at 0x0000025FFDF39370>,relu,0.01031598218917403,2,12,0.0820138466598993,-0.6636425509094178
<tensorflow.python.keras.wrappers.scikit_learn.KerasClassifier object at 0x0000025FFDF39370>,selu,0.024133442597685295,1,5,0.0992221799614899,-0.6767642879974368
<tensorflow.python.keras.wrappers.scikit_learn.KerasClassifier object at 0x0000025FFDF39370>,relu,0.0006263424235644186,4,16,0.09326487864760322,-0.729055229369714
<tensorflow.python.keras.wrappers.scikit_learn.KerasClassifier object at 0x0000025FFDF39370>,relu,0.018227335415903035,3,9,0.25195626356657347,-0.8368912973569225
<tensorflow.python.keras.wrappers.scikit_learn.KerasClassifier object at 0x0000025FFDF39370>,sigmoid,0.0005546258639218302,2,180,0.009881203636516235,-0.880048344623127
<tensorflow.python.keras.wrappers.scikit_learn.KerasClassifier object at 0x0000025FFDF39370>,relu,0.0073436003193499055,2,6,0.1696132013092632,-0.9030313824226828
<tensorflow.python.keras.wrappers.scikit_learn.KerasClassifier object at 0x0000025FFDF39370>,selu,0.006283384104133094,2,4,0.350740570596761,-0.9511799450328946
<tensorflow.python.keras.wrappers.scikit_learn.KerasClassifier object at 0x0000025FFDF39370>,sigmoid,0.0037483827471952993,2,11,0.06802911623740987,-0.9746293881109841
<tensorflow.python.keras.wrappers.scikit_learn.KerasClassifier object at 0x0000025FFDF39370>,relu,0.00045042007012484857,5,8,0.23760736939298133,-1.038544080299951
<tensorflow.python.keras.wrappers.scikit_learn.KerasClassifier object at 0x0000025FFDF39370>,elu,0.000856328222984251,5,6,0.1318727108288862,-1.0645015322989992
<tensorflow.python.keras.wrappers.scikit_learn.KerasClassifier object at 0x0000025FFDF39370>,sigmoid,0.013923642693608167,4,17,0.22230025356674865,-1.0813960557657138
<tensorflow.python.keras.wrappers.scikit_learn.KerasClassifier object at 0x0000025FFDF39370>,sigmoid,0.00040490973294870884,2,182,0.008454838872517936,-1.1104568487358164
<tensorflow.python.keras.wrappers.scikit_learn.KerasClassifier object at 0x0000025FFDF39370>,elu,0.0005391496226205034,1,3,0.16231976467887546,-1.1282782593941896
<tensorflow.python.keras.wrappers.scikit_learn.KerasClassifier object at 0x0000025FFDF39370>,elu,0.0034870520474063952,2,3,0.1668130193882005,-1.142068895012843
<tensorflow.python.keras.wrappers.scikit_learn.KerasClassifier object at 0x0000025FFDF39370>,sigmoid,0.00041609583736071956,2,149,0.04249345152726864,-1.1817954608318855
<tensorflow.python.keras.wrappers.scikit_learn.KerasClassifier object at 0x0000025FFDF39370>,sigmoid,0.0012438255444938064,3,158,0.040851467791344395,-1.2430776493746098
<tensorflow.python.keras.wrappers.scikit_learn.KerasClassifier object at 0x0000025FFDF39370>,sigmoid,0.003018352922876913,4,162,0.05574032279107951,-1.24920894588454
<tensorflow.python.keras.wrappers.scikit_learn.KerasClassifier object at 0x0000025FFDF39370>,relu,0.021662276220802818,3,4,0.22298228156008143,-1.285381113557276
<tensorflow.python.keras.wrappers.scikit_learn.KerasClassifier object at 0x0000025FFDF39370>,sigmoid,0.003523202873391896,4,120,0.1326723542310143,-1.3657936182380566
<tensorflow.python.keras.wrappers.scikit_learn.KerasClassifier object at 0x0000025FFDF39370>,sigmoid,0.0028785298442092445,4,137,0.06991443887290812,-1.555739813600868
<tensorflow.python.keras.wrappers.scikit_learn.KerasClassifier object at 0x0000025FFDF39370>,sigmoid,0.00033690063790752986,2,111,0.029432568448731728,-1.559248591744661
<tensorflow.python.keras.wrappers.scikit_learn.KerasClassifier object at 0x0000025FFDF39370>,sigmoid,0.0012609939958439821,3,93,0.1029726159336341,-1.639115213949333
<tensorflow.python.keras.wrappers.scikit_learn.KerasClassifier object at 0x0000025FFDF39370>,tanh,0.0015708584620257437,1,2,0.10972408929289569,-1.73480240512472
<tensorflow.python.keras.wrappers.scikit_learn.KerasClassifier object at 0x0000025FFDF39370>,tanh,0.0038512891389338,5,3,0.19179538412894556,-1.7814974229789253
<tensorflow.python.keras.wrappers.scikit_learn.KerasClassifier object at 0x0000025FFDF39370>,relu,0.0016750163228197862,3,3,0.32816077794403464,-1.8009811120879433
<tensorflow.python.keras.wrappers.scikit_learn.KerasClassifier object at 0x0000025FFDF39370>,tanh,0.0005995435960280221,1,2,0.07149574970978466,-1.8307016383074803
<tensorflow.python.keras.wrappers.scikit_learn.KerasClassifier object at 0x0000025FFDF39370>,sigmoid,0.00047389481329252457,2,36,0.06141393296365121,-1.9841854939324095
<tensorflow.python.keras.wrappers.scikit_learn.KerasClassifier object at 0x0000025FFDF39370>,elu,0.0013342152402359365,3,1,0.10276994094867783,-2.1318138418719172
<tensorflow.python.keras.wrappers.scikit_learn.KerasClassifier object at 0x0000025FFDF39370>,sigmoid,0.0003289247744339104,3,115,0.01332014797234972,-2.505610620435681
<tensorflow.python.keras.wrappers.scikit_learn.KerasClassifier object at 0x0000025FFDF39370>,sigmoid,0.00044126955075293533,2,8,0.013794457432124377,-2.523347406788039
<tensorflow.python.keras.wrappers.scikit_learn.KerasClassifier object at 0x0000025FFDF39370>,sigmoid,0.001048158088151205,3,21,0.014547736180709984,-2.55687172772662
<tensorflow.python.keras.wrappers.scikit_learn.KerasClassifier object at 0x0000025FFDF39370>,sigmoid,0.0012974409871586308,4,124,0.014037231734099953,-2.5766696548025045
<tensorflow.python.keras.wrappers.scikit_learn.KerasClassifier object at 0x0000025FFDF39370>,sigmoid,0.0013184604793918643,4,90,0.008761458553659871,-2.594771462383267
<tensorflow.python.keras.wrappers.scikit_learn.KerasClassifier object at 0x0000025FFDF39370>,sigmoid,0.0005675379896046555,3,18,0.010178381207246654,-2.5989248675997136
<tensorflow.python.keras.wrappers.scikit_learn.KerasClassifier object at 0x0000025FFDF39370>,sigmoid,0.0008306978480485166,4,160,0.002696047348548425,-2.60213496391573
<tensorflow.python.keras.wrappers.scikit_learn.KerasClassifier object at 0x0000025FFDF39370>,sigmoid,0.001416717892956017,4,54,0.013957559893389784,-2.6080587213273465
<tensorflow.python.keras.wrappers.scikit_learn.KerasClassifier object at 0x0000025FFDF39370>,sigmoid,0.0006264052931064234,4,146,0.003544252460579698,-2.6190812190438075
<tensorflow.python.keras.wrappers.scikit_learn.KerasClassifier object at 0x0000025FFDF39370>,sigmoid,0.000984554314766807,4,68,0.004524584572320521,-2.6198648412025087
<tensorflow.python.keras.wrappers.scikit_learn.KerasClassifier object at 0x0000025FFDF39370>,sigmoid,0.0011035574807147363,4,57,0.0015910819479704478,-2.622016767305298
<tensorflow.python.keras.wrappers.scikit_learn.KerasClassifier object at 0x0000025FFDF39370>,sigmoid,0.0007688980482174376,4,51,0.005079050089328428,-2.6264568369719803
<tensorflow.python.keras.wrappers.scikit_learn.KerasClassifier object at 0x0000025FFDF39370>,sigmoid,0.0004398921784043297,4,105,0.0008038351518167291,-2.6273395219650473
<tensorflow.python.keras.wrappers.scikit_learn.KerasClassifier object at 0x0000025FFDF39370>,sigmoid,0.0009358617099713508,4,49,0.0021642786631760596,-2.6304850354838942
<tensorflow.python.keras.wrappers.scikit_learn.KerasClassifier object at 0x0000025FFDF39370>,sigmoid,0.013323783747897068,5,127,0.00595385456007245,-2.634345442302757
<tensorflow.python.keras.wrappers.scikit_learn.KerasClassifier object at 0x0000025FFDF39370>,sigmoid,0.008028880454053224,5,197,0.002136384482271118,-2.6354827355152715
<tensorflow.python.keras.wrappers.scikit_learn.KerasClassifier object at 0x0000025FFDF39370>,sigmoid,0.019715540673572264,5,79,0.010288460288807118,-2.6361494800912313
<tensorflow.python.keras.wrappers.scikit_learn.KerasClassifier object at 0x0000025FFDF39370>,sigmoid,0.0010623591246158388,4,12,0.0017638612633295763,-2.636495453281415
<tensorflow.python.keras.wrappers.scikit_learn.KerasClassifier object at 0x0000025FFDF39370>,sigmoid,0.007638791854016949,5,199,0.011092570106512852,-2.6370196911266692
<tensorflow.python.keras.wrappers.scikit_learn.KerasClassifier object at 0x0000025FFDF39370>,sigmoid,0.007400747594146313,5,90,0.0028762192429395363,-2.637784165069654
<tensorflow.python.keras.wrappers.scikit_learn.KerasClassifier object at 0x0000025FFDF39370>,sigmoid,0.0032233818059066457,5,91,0.0017701571019856418,-2.638117602207603
<tensorflow.python.keras.wrappers.scikit_learn.KerasClassifier object at 0x0000025FFDF39370>,sigmoid,0.0008629883315398075,5,21,0.0024277160512777636,-2.638345228644838
<tensorflow.python.keras.wrappers.scikit_learn.KerasClassifier object at 0x0000025FFDF39370>,sigmoid,0.0029576770532883517,5,43,0.001177263630621008,-2.6385089305144236
<tensorflow.python.keras.wrappers.scikit_learn.KerasClassifier object at 0x0000025FFDF39370>,sigmoid,0.008097774290982462,5,199,0.007198684079491784,-2.6386540186477245
<tensorflow.python.keras.wrappers.scikit_learn.KerasClassifier object at 0x0000025FFDF39370>,sigmoid,0.0016342784675090689,5,91,0.0007837541336833317,-2.638838119349653
<tensorflow.python.keras.wrappers.scikit_learn.KerasClassifier object at 0x0000025FFDF39370>,sigmoid,0.0018682739802302088,5,99,0.0004280648789243312,-2.6389247055578857
<tensorflow.python.keras.wrappers.scikit_learn.KerasClassifier object at 0x0000025FFDF39370>,sigmoid,0.003808498360621323,5,126,0.0015006005248123819,-2.6390755080355777
<tensorflow.python.keras.wrappers.scikit_learn.KerasClassifier object at 0x0000025FFDF39370>,sigmoid,0.018316637422677574,5,16,0.0016199542082904468,-2.639360487962943
<tensorflow.python.keras.wrappers.scikit_learn.KerasClassifier object at 0x0000025FFDF39370>,sigmoid,0.0030332474595497027,5,25,0.0012976354117883516,-2.6395974442417476
<tensorflow.python.keras.wrappers.scikit_learn.KerasClassifier object at 0x0000025FFDF39370>,sigmoid,0.0014683663654941346,5,62,0.000991261797943441,-2.6396085727020506
<tensorflow.python.keras.wrappers.scikit_learn.KerasClassifier object at 0x0000025FFDF39370>,sigmoid,0.008554905910190983,5,193,0.012828357692739495,-2.6396342174766105
<tensorflow.python.keras.wrappers.scikit_learn.KerasClassifier object at 0x0000025FFDF39370>,sigmoid,0.0234820277317767,5,29,0.003487387475847798,-2.6401874094265345
<tensorflow.python.keras.wrappers.scikit_learn.KerasClassifier object at 0x0000025FFDF39370>,sigmoid,0.00102256101566723,5,53,0.0005524357265018084,-2.6403689353126834
<tensorflow.python.keras.wrappers.scikit_learn.KerasClassifier object at 0x0000025FFDF39370>,sigmoid,0.021775995801539456,5,110,0.007167419788329686,-2.6428136570919594
<tensorflow.python.keras.wrappers.scikit_learn.KerasClassifier object at 0x0000025FFDF39370>,sigmoid,0.023934616697194613,5,119,0.017497986273833966,-2.651586930201564
<tensorflow.python.keras.wrappers.scikit_learn.KerasClassifier object at 0x0000025FFDF39370>,sigmoid,0.026686926960582478,5,179,0.04109890732843888,-2.65244589203129
<tensorflow.python.keras.wrappers.scikit_learn.KerasClassifier object at 0x0000025FFDF39370>,sigmoid,0.0207809196620176,5,134,0.01620530149233928,-2.661490477629598
