estimator,estimator__criterion,estimator__splitter,estimator__n_neighbors,estimator__p,estimator__weights,estimator__n_estimators,estimator__C,estimator__multi_class,estimator__penalty,estimator__solver,estimator__l1_ratio,estimator__kernel,estimator__gamma,std,neg_log_loss
"RandomForestClassifier(bootstrap=True, ccp_alpha=0.0, class_weight=None,
                       criterion='gini', max_depth=None, max_features='auto',
                       max_leaf_nodes=None, max_samples=None,
                       min_impurity_decrease=0.0, min_impurity_split=None,
                       min_samples_leaf=1, min_samples_split=2,
                       min_weight_fraction_leaf=0.0, n_estimators=1000,
                       n_jobs=None, oob_score=False, random_state=0, verbose=0,
                       warm_start=False)",gini,,,,,1000.0,,,,,,,,0.020279139778851835,-0.31400078729663294
"RandomForestClassifier(bootstrap=True, ccp_alpha=0.0, class_weight=None,
                       criterion='gini', max_depth=None, max_features='auto',
                       max_leaf_nodes=None, max_samples=None,
                       min_impurity_decrease=0.0, min_impurity_split=None,
                       min_samples_leaf=1, min_samples_split=2,
                       min_weight_fraction_leaf=0.0, n_estimators=1000,
                       n_jobs=None, oob_score=False, random_state=0, verbose=0,
                       warm_start=False)",entropy,,,,,1000.0,,,,,,,,0.07647044124700587,-0.33740624192976326
"SVC(C=1.0, break_ties=False, cache_size=200, class_weight=None, coef0=0.0,
    decision_function_shape='ovr', degree=3, gamma='scale', kernel='rbf',
    max_iter=-1, probability=True, random_state=0, shrinking=True, tol=0.001,
    verbose=False)",,,,,,,10.0,,,,,rbf,scale,0.02852303447386597,-0.3705522184518185
"SVC(C=1.0, break_ties=False, cache_size=200, class_weight=None, coef0=0.0,
    decision_function_shape='ovr', degree=3, gamma='scale', kernel='rbf',
    max_iter=-1, probability=True, random_state=0, shrinking=True, tol=0.001,
    verbose=False)",,,,,,,10.0,,,,,rbf,auto,0.028523034473865876,-0.37055221845181857
"RandomForestClassifier(bootstrap=True, ccp_alpha=0.0, class_weight=None,
                       criterion='gini', max_depth=None, max_features='auto',
                       max_leaf_nodes=None, max_samples=None,
                       min_impurity_decrease=0.0, min_impurity_split=None,
                       min_samples_leaf=1, min_samples_split=2,
                       min_weight_fraction_leaf=0.0, n_estimators=1000,
                       n_jobs=None, oob_score=False, random_state=0, verbose=0,
                       warm_start=False)",entropy,,,,,100.0,,,,,,,,0.14518220546297889,-0.38142539299565514
"SVC(C=1.0, break_ties=False, cache_size=200, class_weight=None, coef0=0.0,
    decision_function_shape='ovr', degree=3, gamma='scale', kernel='rbf',
    max_iter=-1, probability=True, random_state=0, shrinking=True, tol=0.001,
    verbose=False)",,,,,,,0.01,,,,,linear,,0.02328221109164955,-0.3829894725498651
"SVC(C=1.0, break_ties=False, cache_size=200, class_weight=None, coef0=0.0,
    decision_function_shape='ovr', degree=3, gamma='scale', kernel='rbf',
    max_iter=-1, probability=True, random_state=0, shrinking=True, tol=0.001,
    verbose=False)",,,,,,,1.0,,,,,rbf,scale,0.020805342423153128,-0.3832828740634791
"SVC(C=1.0, break_ties=False, cache_size=200, class_weight=None, coef0=0.0,
    decision_function_shape='ovr', degree=3, gamma='scale', kernel='rbf',
    max_iter=-1, probability=True, random_state=0, shrinking=True, tol=0.001,
    verbose=False)",,,,,,,1.0,,,,,rbf,auto,0.020805342423153128,-0.38328287406347916
"SVC(C=1.0, break_ties=False, cache_size=200, class_weight=None, coef0=0.0,
    decision_function_shape='ovr', degree=3, gamma='scale', kernel='rbf',
    max_iter=-1, probability=True, random_state=0, shrinking=True, tol=0.001,
    verbose=False)",,,,,,,0.001,,,,,linear,,0.022240212996702285,-0.3873450551143707
"RandomForestClassifier(bootstrap=True, ccp_alpha=0.0, class_weight=None,
                       criterion='gini', max_depth=None, max_features='auto',
                       max_leaf_nodes=None, max_samples=None,
                       min_impurity_decrease=0.0, min_impurity_split=None,
                       min_samples_leaf=1, min_samples_split=2,
                       min_weight_fraction_leaf=0.0, n_estimators=1000,
                       n_jobs=None, oob_score=False, random_state=0, verbose=0,
                       warm_start=False)",gini,,,,,100.0,,,,,,,,0.10208605852133878,-0.3920020531714613
"LogisticRegression(C=1.0, class_weight=None, dual=False, fit_intercept=True,
                   intercept_scaling=1, l1_ratio=None, max_iter=100,
                   multi_class='auto', n_jobs=None, penalty='l2',
                   random_state=0, solver='lbfgs', tol=0.0001, verbose=0,
                   warm_start=False)",,,,,,,0.1,auto,l2,newton-cg,,,,0.07428961855129122,-0.3942930954192386
"LogisticRegression(C=1.0, class_weight=None, dual=False, fit_intercept=True,
                   intercept_scaling=1, l1_ratio=None, max_iter=100,
                   multi_class='auto', n_jobs=None, penalty='l2',
                   random_state=0, solver='lbfgs', tol=0.0001, verbose=0,
                   warm_start=False)",,,,,,,0.01,auto,l2,newton-cg,,,,0.08522182548437918,-0.39561943589055854
"SVC(C=1.0, break_ties=False, cache_size=200, class_weight=None, coef0=0.0,
    decision_function_shape='ovr', degree=3, gamma='scale', kernel='rbf',
    max_iter=-1, probability=True, random_state=0, shrinking=True, tol=0.001,
    verbose=False)",,,,,,,100.0,,,,,rbf,scale,0.032257921676170115,-0.40220766636048644
"SVC(C=1.0, break_ties=False, cache_size=200, class_weight=None, coef0=0.0,
    decision_function_shape='ovr', degree=3, gamma='scale', kernel='rbf',
    max_iter=-1, probability=True, random_state=0, shrinking=True, tol=0.001,
    verbose=False)",,,,,,,100.0,,,,,rbf,auto,0.03225792167616986,-0.40220766636048677
"SVC(C=1.0, break_ties=False, cache_size=200, class_weight=None, coef0=0.0,
    decision_function_shape='ovr', degree=3, gamma='scale', kernel='rbf',
    max_iter=-1, probability=True, random_state=0, shrinking=True, tol=0.001,
    verbose=False)",,,,,,,1000.0,,,,,rbf,scale,0.030415289496801706,-0.4061004547416405
"SVC(C=1.0, break_ties=False, cache_size=200, class_weight=None, coef0=0.0,
    decision_function_shape='ovr', degree=3, gamma='scale', kernel='rbf',
    max_iter=-1, probability=True, random_state=0, shrinking=True, tol=0.001,
    verbose=False)",,,,,,,1000.0,,,,,rbf,auto,0.030415289496801227,-0.40610045474164164
"LogisticRegression(C=1.0, class_weight=None, dual=False, fit_intercept=True,
                   intercept_scaling=1, l1_ratio=None, max_iter=100,
                   multi_class='auto', n_jobs=None, penalty='l2',
                   random_state=0, solver='lbfgs', tol=0.0001, verbose=0,
                   warm_start=False)",,,,,,,1.0,auto,l1,liblinear,,,,0.014274177252009409,-0.40687117252875254
"LogisticRegression(C=1.0, class_weight=None, dual=False, fit_intercept=True,
                   intercept_scaling=1, l1_ratio=None, max_iter=100,
                   multi_class='auto', n_jobs=None, penalty='l2',
                   random_state=0, solver='lbfgs', tol=0.0001, verbose=0,
                   warm_start=False)",,,,,,,1.0,auto,elasticnet,saga,0.3,,,0.08337580407132611,-0.4085448794194856
"LogisticRegression(C=1.0, class_weight=None, dual=False, fit_intercept=True,
                   intercept_scaling=1, l1_ratio=None, max_iter=100,
                   multi_class='auto', n_jobs=None, penalty='l2',
                   random_state=0, solver='lbfgs', tol=0.0001, verbose=0,
                   warm_start=False)",,,,,,,1.0,auto,elasticnet,saga,0.4,,,0.0816191227092062,-0.4087908230611232
"LogisticRegression(C=1.0, class_weight=None, dual=False, fit_intercept=True,
                   intercept_scaling=1, l1_ratio=None, max_iter=100,
                   multi_class='auto', n_jobs=None, penalty='l2',
                   random_state=0, solver='lbfgs', tol=0.0001, verbose=0,
                   warm_start=False)",,,,,,,1.0,auto,elasticnet,saga,0.2,,,0.08552753755313534,-0.4089524653889999
"LogisticRegression(C=1.0, class_weight=None, dual=False, fit_intercept=True,
                   intercept_scaling=1, l1_ratio=None, max_iter=100,
                   multi_class='auto', n_jobs=None, penalty='l2',
                   random_state=0, solver='lbfgs', tol=0.0001, verbose=0,
                   warm_start=False)",,,,,,,1.0,auto,elasticnet,saga,0.5,,,0.08014240587610942,-0.40951782808673326
"LogisticRegression(C=1.0, class_weight=None, dual=False, fit_intercept=True,
                   intercept_scaling=1, l1_ratio=None, max_iter=100,
                   multi_class='auto', n_jobs=None, penalty='l2',
                   random_state=0, solver='lbfgs', tol=0.0001, verbose=0,
                   warm_start=False)",,,,,,,10.0,auto,elasticnet,saga,0.9,,,0.08822996557061268,-0.4098767105954327
"LogisticRegression(C=1.0, class_weight=None, dual=False, fit_intercept=True,
                   intercept_scaling=1, l1_ratio=None, max_iter=100,
                   multi_class='auto', n_jobs=None, penalty='l2',
                   random_state=0, solver='lbfgs', tol=0.0001, verbose=0,
                   warm_start=False)",,,,,,,1.0,auto,elasticnet,saga,0.1,,,0.08791890784859184,-0.40989291262325284
"LogisticRegression(C=1.0, class_weight=None, dual=False, fit_intercept=True,
                   intercept_scaling=1, l1_ratio=None, max_iter=100,
                   multi_class='auto', n_jobs=None, penalty='l2',
                   random_state=0, solver='lbfgs', tol=0.0001, verbose=0,
                   warm_start=False)",,,,,,,10.0,auto,elasticnet,saga,0.8,,,0.0884766661181515,-0.4100035303065589
"SVC(C=1.0, break_ties=False, cache_size=200, class_weight=None, coef0=0.0,
    decision_function_shape='ovr', degree=3, gamma='scale', kernel='rbf',
    max_iter=-1, probability=True, random_state=0, shrinking=True, tol=0.001,
    verbose=False)",,,,,,,0.1,,,,,linear,,0.020176867018112672,-0.41001370208619725
"LogisticRegression(C=1.0, class_weight=None, dual=False, fit_intercept=True,
                   intercept_scaling=1, l1_ratio=None, max_iter=100,
                   multi_class='auto', n_jobs=None, penalty='l2',
                   random_state=0, solver='lbfgs', tol=0.0001, verbose=0,
                   warm_start=False)",,,,,,,10.0,auto,elasticnet,saga,0.7,,,0.08873194142381233,-0.4101374700250381
"LogisticRegression(C=1.0, class_weight=None, dual=False, fit_intercept=True,
                   intercept_scaling=1, l1_ratio=None, max_iter=100,
                   multi_class='auto', n_jobs=None, penalty='l2',
                   random_state=0, solver='lbfgs', tol=0.0001, verbose=0,
                   warm_start=False)",,,,,,,10.0,auto,elasticnet,saga,0.6,,,0.08899183587897064,-0.4102785109621345
"LogisticRegression(C=1.0, class_weight=None, dual=False, fit_intercept=True,
                   intercept_scaling=1, l1_ratio=None, max_iter=100,
                   multi_class='auto', n_jobs=None, penalty='l2',
                   random_state=0, solver='lbfgs', tol=0.0001, verbose=0,
                   warm_start=False)",,,,,,,10.0,auto,elasticnet,saga,0.5,,,0.08925682680411808,-0.41042608387843726
"LogisticRegression(C=1.0, class_weight=None, dual=False, fit_intercept=True,
                   intercept_scaling=1, l1_ratio=None, max_iter=100,
                   multi_class='auto', n_jobs=None, penalty='l2',
                   random_state=0, solver='lbfgs', tol=0.0001, verbose=0,
                   warm_start=False)",,,,,,,10.0,auto,elasticnet,saga,0.4,,,0.08953189058269921,-0.41058157621251307
"LogisticRegression(C=1.0, class_weight=None, dual=False, fit_intercept=True,
                   intercept_scaling=1, l1_ratio=None, max_iter=100,
                   multi_class='auto', n_jobs=None, penalty='l2',
                   random_state=0, solver='lbfgs', tol=0.0001, verbose=0,
                   warm_start=False)",,,,,,,1.0,auto,elasticnet,saga,0.6,,,0.07887656991931567,-0.4105922475982718
"LogisticRegression(C=1.0, class_weight=None, dual=False, fit_intercept=True,
                   intercept_scaling=1, l1_ratio=None, max_iter=100,
                   multi_class='auto', n_jobs=None, penalty='l2',
                   random_state=0, solver='lbfgs', tol=0.0001, verbose=0,
                   warm_start=False)",,,,,,,10.0,auto,elasticnet,saga,0.3,,,0.08981715287655757,-0.41074442786735654
"LogisticRegression(C=1.0, class_weight=None, dual=False, fit_intercept=True,
                   intercept_scaling=1, l1_ratio=None, max_iter=100,
                   multi_class='auto', n_jobs=None, penalty='l2',
                   random_state=0, solver='lbfgs', tol=0.0001, verbose=0,
                   warm_start=False)",,,,,,,10.0,auto,elasticnet,saga,0.2,,,0.0901124273942134,-0.41091440961090675
"LogisticRegression(C=1.0, class_weight=None, dual=False, fit_intercept=True,
                   intercept_scaling=1, l1_ratio=None, max_iter=100,
                   multi_class='auto', n_jobs=None, penalty='l2',
                   random_state=0, solver='lbfgs', tol=0.0001, verbose=0,
                   warm_start=False)",,,,,,,10.0,auto,elasticnet,saga,0.1,,,0.09041881646626755,-0.411090962359174
"LogisticRegression(C=1.0, class_weight=None, dual=False, fit_intercept=True,
                   intercept_scaling=1, l1_ratio=None, max_iter=100,
                   multi_class='auto', n_jobs=None, penalty='l2',
                   random_state=0, solver='lbfgs', tol=0.0001, verbose=0,
                   warm_start=False)",,,,,,,100.0,auto,elasticnet,saga,0.9,,,0.09045908674273216,-0.41109869413523925
"LogisticRegression(C=1.0, class_weight=None, dual=False, fit_intercept=True,
                   intercept_scaling=1, l1_ratio=None, max_iter=100,
                   multi_class='auto', n_jobs=None, penalty='l2',
                   random_state=0, solver='lbfgs', tol=0.0001, verbose=0,
                   warm_start=False)",,,,,,,100.0,auto,elasticnet,saga,0.8,,,0.09049024760352155,-0.41111667338091645
"LogisticRegression(C=1.0, class_weight=None, dual=False, fit_intercept=True,
                   intercept_scaling=1, l1_ratio=None, max_iter=100,
                   multi_class='auto', n_jobs=None, penalty='l2',
                   random_state=0, solver='lbfgs', tol=0.0001, verbose=0,
                   warm_start=False)",,,,,,,100.0,auto,elasticnet,saga,0.7,,,0.09052145861767871,-0.41113470019467213
"LogisticRegression(C=1.0, class_weight=None, dual=False, fit_intercept=True,
                   intercept_scaling=1, l1_ratio=None, max_iter=100,
                   multi_class='auto', n_jobs=None, penalty='l2',
                   random_state=0, solver='lbfgs', tol=0.0001, verbose=0,
                   warm_start=False)",,,,,,,100.0,auto,elasticnet,saga,0.6,,,0.09055279661944515,-0.41115278162989594
"LogisticRegression(C=1.0, class_weight=None, dual=False, fit_intercept=True,
                   intercept_scaling=1, l1_ratio=None, max_iter=100,
                   multi_class='auto', n_jobs=None, penalty='l2',
                   random_state=0, solver='lbfgs', tol=0.0001, verbose=0,
                   warm_start=False)",,,,,,,100.0,auto,elasticnet,saga,0.5,,,0.09058422963945814,-0.41117093288916323
"LogisticRegression(C=1.0, class_weight=None, dual=False, fit_intercept=True,
                   intercept_scaling=1, l1_ratio=None, max_iter=100,
                   multi_class='auto', n_jobs=None, penalty='l2',
                   random_state=0, solver='lbfgs', tol=0.0001, verbose=0,
                   warm_start=False)",,,,,,,100.0,auto,elasticnet,saga,0.4,,,0.09061577126110608,-0.41118914525754036
"LogisticRegression(C=1.0, class_weight=None, dual=False, fit_intercept=True,
                   intercept_scaling=1, l1_ratio=None, max_iter=100,
                   multi_class='auto', n_jobs=None, penalty='l2',
                   random_state=0, solver='lbfgs', tol=0.0001, verbose=0,
                   warm_start=False)",,,,,,,100.0,auto,elasticnet,saga,0.3,,,0.09064739379488136,-0.41120742044028663
"LogisticRegression(C=1.0, class_weight=None, dual=False, fit_intercept=True,
                   intercept_scaling=1, l1_ratio=None, max_iter=100,
                   multi_class='auto', n_jobs=None, penalty='l2',
                   random_state=0, solver='lbfgs', tol=0.0001, verbose=0,
                   warm_start=False)",,,,,,,100.0,auto,elasticnet,saga,0.2,,,0.09067912441712725,-0.4112257735619348
"LogisticRegression(C=1.0, class_weight=None, dual=False, fit_intercept=True,
                   intercept_scaling=1, l1_ratio=None, max_iter=100,
                   multi_class='auto', n_jobs=None, penalty='l2',
                   random_state=0, solver='lbfgs', tol=0.0001, verbose=0,
                   warm_start=False)",,,,,,,100.0,auto,elasticnet,saga,0.1,,,0.09071094331328594,-0.4112441910826122
"LogisticRegression(C=1.0, class_weight=None, dual=False, fit_intercept=True,
                   intercept_scaling=1, l1_ratio=None, max_iter=100,
                   multi_class='auto', n_jobs=None, penalty='l2',
                   random_state=0, solver='lbfgs', tol=0.0001, verbose=0,
                   warm_start=False)",,,,,,,1000.0,auto,elasticnet,saga,0.9,,,0.09071508075248566,-0.4112450588179681
"LogisticRegression(C=1.0, class_weight=None, dual=False, fit_intercept=True,
                   intercept_scaling=1, l1_ratio=None, max_iter=100,
                   multi_class='auto', n_jobs=None, penalty='l2',
                   random_state=0, solver='lbfgs', tol=0.0001, verbose=0,
                   warm_start=False)",,,,,,,1000.0,auto,elasticnet,saga,0.8,,,0.09071826882880552,-0.41124690554844745
"LogisticRegression(C=1.0, class_weight=None, dual=False, fit_intercept=True,
                   intercept_scaling=1, l1_ratio=None, max_iter=100,
                   multi_class='auto', n_jobs=None, penalty='l2',
                   random_state=0, solver='lbfgs', tol=0.0001, verbose=0,
                   warm_start=False)",,,,,,,1000.0,auto,elasticnet,saga,0.7,,,0.09072145750390988,-0.4112487527567809
"LogisticRegression(C=1.0, class_weight=None, dual=False, fit_intercept=True,
                   intercept_scaling=1, l1_ratio=None, max_iter=100,
                   multi_class='auto', n_jobs=None, penalty='l2',
                   random_state=0, solver='lbfgs', tol=0.0001, verbose=0,
                   warm_start=False)",,,,,,,1000.0,auto,elasticnet,saga,0.6,,,0.09072464732048972,-0.4112506004367497
"LogisticRegression(C=1.0, class_weight=None, dual=False, fit_intercept=True,
                   intercept_scaling=1, l1_ratio=None, max_iter=100,
                   multi_class='auto', n_jobs=None, penalty='l2',
                   random_state=0, solver='lbfgs', tol=0.0001, verbose=0,
                   warm_start=False)",,,,,,,1000.0,auto,elasticnet,saga,0.5,,,0.0907278377767311,-0.4112524486815543
"LogisticRegression(C=1.0, class_weight=None, dual=False, fit_intercept=True,
                   intercept_scaling=1, l1_ratio=None, max_iter=100,
                   multi_class='auto', n_jobs=None, penalty='l2',
                   random_state=0, solver='lbfgs', tol=0.0001, verbose=0,
                   warm_start=False)",,,,,,,1000.0,auto,elasticnet,saga,0.4,,,0.09073102897191943,-0.4112542976216111
"LogisticRegression(C=1.0, class_weight=None, dual=False, fit_intercept=True,
                   intercept_scaling=1, l1_ratio=None, max_iter=100,
                   multi_class='auto', n_jobs=None, penalty='l2',
                   random_state=0, solver='lbfgs', tol=0.0001, verbose=0,
                   warm_start=False)",,,,,,,1000.0,auto,elasticnet,saga,0.3,,,0.09073422117056822,-0.4112561473198924
"LogisticRegression(C=1.0, class_weight=None, dual=False, fit_intercept=True,
                   intercept_scaling=1, l1_ratio=None, max_iter=100,
                   multi_class='auto', n_jobs=None, penalty='l2',
                   random_state=0, solver='lbfgs', tol=0.0001, verbose=0,
                   warm_start=False)",,,,,,,1000.0,auto,elasticnet,saga,0.2,,,0.0907374143031934,-0.41125799764764365
"LogisticRegression(C=1.0, class_weight=None, dual=False, fit_intercept=True,
                   intercept_scaling=1, l1_ratio=None, max_iter=100,
                   multi_class='auto', n_jobs=None, penalty='l2',
                   random_state=0, solver='lbfgs', tol=0.0001, verbose=0,
                   warm_start=False)",,,,,,,1000.0,auto,elasticnet,saga,0.1,,,0.0907406084034399,-0.41125984872458626
"LogisticRegression(C=1.0, class_weight=None, dual=False, fit_intercept=True,
                   intercept_scaling=1, l1_ratio=None, max_iter=100,
                   multi_class='auto', n_jobs=None, penalty='l2',
                   random_state=0, solver='lbfgs', tol=0.0001, verbose=0,
                   warm_start=False)",,,,,,,1.0,auto,elasticnet,saga,0.7,,,0.07775082409043871,-0.41192488031495883
"LogisticRegression(C=1.0, class_weight=None, dual=False, fit_intercept=True,
                   intercept_scaling=1, l1_ratio=None, max_iter=100,
                   multi_class='auto', n_jobs=None, penalty='l2',
                   random_state=0, solver='lbfgs', tol=0.0001, verbose=0,
                   warm_start=False)",,,,,,,1.0,auto,elasticnet,saga,0.8,,,0.07672165803625502,-0.4135100370001366
"LogisticRegression(C=1.0, class_weight=None, dual=False, fit_intercept=True,
                   intercept_scaling=1, l1_ratio=None, max_iter=100,
                   multi_class='auto', n_jobs=None, penalty='l2',
                   random_state=0, solver='lbfgs', tol=0.0001, verbose=0,
                   warm_start=False)",,,,,,,1.0,auto,elasticnet,saga,0.9,,,0.07587024710103632,-0.4153066437738959
"SVC(C=1.0, break_ties=False, cache_size=200, class_weight=None, coef0=0.0,
    decision_function_shape='ovr', degree=3, gamma='scale', kernel='rbf',
    max_iter=-1, probability=True, random_state=0, shrinking=True, tol=0.001,
    verbose=False)",,,,,,,100.0,,,,,linear,,0.01581986728184948,-0.41611379461622044
"SVC(C=1.0, break_ties=False, cache_size=200, class_weight=None, coef0=0.0,
    decision_function_shape='ovr', degree=3, gamma='scale', kernel='rbf',
    max_iter=-1, probability=True, random_state=0, shrinking=True, tol=0.001,
    verbose=False)",,,,,,,10.0,,,,,linear,,0.01581986728184948,-0.41611379461622044
"SVC(C=1.0, break_ties=False, cache_size=200, class_weight=None, coef0=0.0,
    decision_function_shape='ovr', degree=3, gamma='scale', kernel='rbf',
    max_iter=-1, probability=True, random_state=0, shrinking=True, tol=0.001,
    verbose=False)",,,,,,,1000.0,,,,,linear,,0.01581986728184948,-0.41611379461622044
"SVC(C=1.0, break_ties=False, cache_size=200, class_weight=None, coef0=0.0,
    decision_function_shape='ovr', degree=3, gamma='scale', kernel='rbf',
    max_iter=-1, probability=True, random_state=0, shrinking=True, tol=0.001,
    verbose=False)",,,,,,,1.0,,,,,linear,,0.015821591607571635,-0.41611660823028424
"LogisticRegression(C=1.0, class_weight=None, dual=False, fit_intercept=True,
                   intercept_scaling=1, l1_ratio=None, max_iter=100,
                   multi_class='auto', n_jobs=None, penalty='l2',
                   random_state=0, solver='lbfgs', tol=0.0001, verbose=0,
                   warm_start=False)",,,,,,,0.1,auto,elasticnet,saga,0.1,,,0.07567486289597646,-0.42068262381023463
"LogisticRegression(C=1.0, class_weight=None, dual=False, fit_intercept=True,
                   intercept_scaling=1, l1_ratio=None, max_iter=100,
                   multi_class='auto', n_jobs=None, penalty='l2',
                   random_state=0, solver='lbfgs', tol=0.0001, verbose=0,
                   warm_start=False)",,,,,,,0.1,auto,elasticnet,saga,0.2,,,0.07208494505191357,-0.4444159615403031
"LogisticRegression(C=1.0, class_weight=None, dual=False, fit_intercept=True,
                   intercept_scaling=1, l1_ratio=None, max_iter=100,
                   multi_class='auto', n_jobs=None, penalty='l2',
                   random_state=0, solver='lbfgs', tol=0.0001, verbose=0,
                   warm_start=False)",,,,,,,0.1,auto,elasticnet,saga,0.3,,,0.05800155008399932,-0.4634356425965659
"LogisticRegression(C=1.0, class_weight=None, dual=False, fit_intercept=True,
                   intercept_scaling=1, l1_ratio=None, max_iter=100,
                   multi_class='auto', n_jobs=None, penalty='l2',
                   random_state=0, solver='lbfgs', tol=0.0001, verbose=0,
                   warm_start=False)",,,,,,,0.1,auto,elasticnet,saga,0.4,,,0.048948016745393834,-0.48698633759375676
"LogisticRegression(C=1.0, class_weight=None, dual=False, fit_intercept=True,
                   intercept_scaling=1, l1_ratio=None, max_iter=100,
                   multi_class='auto', n_jobs=None, penalty='l2',
                   random_state=0, solver='lbfgs', tol=0.0001, verbose=0,
                   warm_start=False)",,,,,,,0.1,auto,elasticnet,saga,0.5,,,0.042383400344217066,-0.5124483209077365
"LogisticRegression(C=1.0, class_weight=None, dual=False, fit_intercept=True,
                   intercept_scaling=1, l1_ratio=None, max_iter=100,
                   multi_class='auto', n_jobs=None, penalty='l2',
                   random_state=0, solver='lbfgs', tol=0.0001, verbose=0,
                   warm_start=False)",,,,,,,10.0,auto,l1,liblinear,,,,0.030510424822004913,-0.5153857273407233
"LogisticRegression(C=1.0, class_weight=None, dual=False, fit_intercept=True,
                   intercept_scaling=1, l1_ratio=None, max_iter=100,
                   multi_class='auto', n_jobs=None, penalty='l2',
                   random_state=0, solver='lbfgs', tol=0.0001, verbose=0,
                   warm_start=False)",,,,,,,0.1,auto,elasticnet,saga,0.6,,,0.0379550917028555,-0.5386969997527595
"SVC(C=1.0, break_ties=False, cache_size=200, class_weight=None, coef0=0.0,
    decision_function_shape='ovr', degree=3, gamma='scale', kernel='rbf',
    max_iter=-1, probability=True, random_state=0, shrinking=True, tol=0.001,
    verbose=False)",,,,,,,0.1,,,,,rbf,scale,0.01225763745155744,-0.5396832496065291
"SVC(C=1.0, break_ties=False, cache_size=200, class_weight=None, coef0=0.0,
    decision_function_shape='ovr', degree=3, gamma='scale', kernel='rbf',
    max_iter=-1, probability=True, random_state=0, shrinking=True, tol=0.001,
    verbose=False)",,,,,,,0.1,,,,,rbf,auto,0.012257637451557444,-0.5396832496065291
"LogisticRegression(C=1.0, class_weight=None, dual=False, fit_intercept=True,
                   intercept_scaling=1, l1_ratio=None, max_iter=100,
                   multi_class='auto', n_jobs=None, penalty='l2',
                   random_state=0, solver='lbfgs', tol=0.0001, verbose=0,
                   warm_start=False)",,,,,,,1.0,auto,l2,newton-cg,,,,0.06924762272272324,-0.5627474964452348
"SVC(C=1.0, break_ties=False, cache_size=200, class_weight=None, coef0=0.0,
    decision_function_shape='ovr', degree=3, gamma='scale', kernel='rbf',
    max_iter=-1, probability=True, random_state=0, shrinking=True, tol=0.001,
    verbose=False)",,,,,,,0.1,,,,,sigmoid,scale,0.03723310795652373,-0.5649486878979167
"SVC(C=1.0, break_ties=False, cache_size=200, class_weight=None, coef0=0.0,
    decision_function_shape='ovr', degree=3, gamma='scale', kernel='rbf',
    max_iter=-1, probability=True, random_state=0, shrinking=True, tol=0.001,
    verbose=False)",,,,,,,0.1,,,,,sigmoid,auto,0.03723307739795911,-0.5649496191654617
"LogisticRegression(C=1.0, class_weight=None, dual=False, fit_intercept=True,
                   intercept_scaling=1, l1_ratio=None, max_iter=100,
                   multi_class='auto', n_jobs=None, penalty='l2',
                   random_state=0, solver='lbfgs', tol=0.0001, verbose=0,
                   warm_start=False)",,,,,,,0.1,auto,elasticnet,saga,0.7,,,0.03497840276148236,-0.5656757683208589
"SVC(C=1.0, break_ties=False, cache_size=200, class_weight=None, coef0=0.0,
    decision_function_shape='ovr', degree=3, gamma='scale', kernel='rbf',
    max_iter=-1, probability=True, random_state=0, shrinking=True, tol=0.001,
    verbose=False)",,,,,,,1.0,,,,,sigmoid,scale,0.03064913968760936,-0.5839322173341561
"SVC(C=1.0, break_ties=False, cache_size=200, class_weight=None, coef0=0.0,
    decision_function_shape='ovr', degree=3, gamma='scale', kernel='rbf',
    max_iter=-1, probability=True, random_state=0, shrinking=True, tol=0.001,
    verbose=False)",,,,,,,1.0,,,,,sigmoid,auto,0.030643477221883014,-0.5839460572995477
"LogisticRegression(C=1.0, class_weight=None, dual=False, fit_intercept=True,
                   intercept_scaling=1, l1_ratio=None, max_iter=100,
                   multi_class='auto', n_jobs=None, penalty='l2',
                   random_state=0, solver='lbfgs', tol=0.0001, verbose=0,
                   warm_start=False)",,,,,,,0.1,auto,elasticnet,saga,0.8,,,0.03219266342952285,-0.5927727618736677
"LogisticRegression(C=1.0, class_weight=None, dual=False, fit_intercept=True,
                   intercept_scaling=1, l1_ratio=None, max_iter=100,
                   multi_class='auto', n_jobs=None, penalty='l2',
                   random_state=0, solver='lbfgs', tol=0.0001, verbose=0,
                   warm_start=False)",,,,,,,0.1,auto,elasticnet,saga,0.9,,,0.029772226164299705,-0.6192950736629889
"LogisticRegression(C=1.0, class_weight=None, dual=False, fit_intercept=True,
                   intercept_scaling=1, l1_ratio=None, max_iter=100,
                   multi_class='auto', n_jobs=None, penalty='l2',
                   random_state=0, solver='lbfgs', tol=0.0001, verbose=0,
                   warm_start=False)",,,,,,,0.001,auto,l2,newton-cg,,,,0.05959984183143658,-0.6223739729737575
"SVC(C=1.0, break_ties=False, cache_size=200, class_weight=None, coef0=0.0,
    decision_function_shape='ovr', degree=3, gamma='scale', kernel='rbf',
    max_iter=-1, probability=True, random_state=0, shrinking=True, tol=0.001,
    verbose=False)",,,,,,,100.0,,,,,poly,scale,0.0472021580121525,-0.6398602246665311
"SVC(C=1.0, break_ties=False, cache_size=200, class_weight=None, coef0=0.0,
    decision_function_shape='ovr', degree=3, gamma='scale', kernel='rbf',
    max_iter=-1, probability=True, random_state=0, shrinking=True, tol=0.001,
    verbose=False)",,,,,,,100.0,,,,,poly,auto,0.04720215801215207,-0.6398602246665316
"RandomForestClassifier(bootstrap=True, ccp_alpha=0.0, class_weight=None,
                       criterion='gini', max_depth=None, max_features='auto',
                       max_leaf_nodes=None, max_samples=None,
                       min_impurity_decrease=0.0, min_impurity_split=None,
                       min_samples_leaf=1, min_samples_split=2,
                       min_weight_fraction_leaf=0.0, n_estimators=1000,
                       n_jobs=None, oob_score=False, random_state=0, verbose=0,
                       warm_start=False)",entropy,,,,,10.0,,,,,,,,0.0030994607945029075,-0.6401659941480975
"SVC(C=1.0, break_ties=False, cache_size=200, class_weight=None, coef0=0.0,
    decision_function_shape='ovr', degree=3, gamma='scale', kernel='rbf',
    max_iter=-1, probability=True, random_state=0, shrinking=True, tol=0.001,
    verbose=False)",,,,,,,10.0,,,,,poly,auto,0.047687192154126506,-0.6491906839393988
"SVC(C=1.0, break_ties=False, cache_size=200, class_weight=None, coef0=0.0,
    decision_function_shape='ovr', degree=3, gamma='scale', kernel='rbf',
    max_iter=-1, probability=True, random_state=0, shrinking=True, tol=0.001,
    verbose=False)",,,,,,,10.0,,,,,poly,scale,0.047687192154126395,-0.6491906839393989
"SVC(C=1.0, break_ties=False, cache_size=200, class_weight=None, coef0=0.0,
    decision_function_shape='ovr', degree=3, gamma='scale', kernel='rbf',
    max_iter=-1, probability=True, random_state=0, shrinking=True, tol=0.001,
    verbose=False)",,,,,,,1000.0,,,,,poly,scale,0.0636236081671563,-0.6865114709286135
"SVC(C=1.0, break_ties=False, cache_size=200, class_weight=None, coef0=0.0,
    decision_function_shape='ovr', degree=3, gamma='scale', kernel='rbf',
    max_iter=-1, probability=True, random_state=0, shrinking=True, tol=0.001,
    verbose=False)",,,,,,,1000.0,,,,,poly,auto,0.06362360816715587,-0.6865114709286139
"LogisticRegression(C=1.0, class_weight=None, dual=False, fit_intercept=True,
                   intercept_scaling=1, l1_ratio=None, max_iter=100,
                   multi_class='auto', n_jobs=None, penalty='l2',
                   random_state=0, solver='lbfgs', tol=0.0001, verbose=0,
                   warm_start=False)",,,,,,,0.01,auto,elasticnet,saga,0.1,,,0.02733040883235804,-0.6905068711961848
"SVC(C=1.0, break_ties=False, cache_size=200, class_weight=None, coef0=0.0,
    decision_function_shape='ovr', degree=3, gamma='scale', kernel='rbf',
    max_iter=-1, probability=True, random_state=0, shrinking=True, tol=0.001,
    verbose=False)",,,,,,,10.0,,,,,sigmoid,auto,0.07612224503753597,-0.7722716854285515
"SVC(C=1.0, break_ties=False, cache_size=200, class_weight=None, coef0=0.0,
    decision_function_shape='ovr', degree=3, gamma='scale', kernel='rbf',
    max_iter=-1, probability=True, random_state=0, shrinking=True, tol=0.001,
    verbose=False)",,,,,,,10.0,,,,,sigmoid,scale,0.07616262597567558,-0.7723216273656902
"LogisticRegression(C=1.0, class_weight=None, dual=False, fit_intercept=True,
                   intercept_scaling=1, l1_ratio=None, max_iter=100,
                   multi_class='auto', n_jobs=None, penalty='l2',
                   random_state=0, solver='lbfgs', tol=0.0001, verbose=0,
                   warm_start=False)",,,,,,,10.0,auto,l2,newton-cg,,,,0.06122962464427771,-0.7973845993209749
"LogisticRegression(C=1.0, class_weight=None, dual=False, fit_intercept=True,
                   intercept_scaling=1, l1_ratio=None, max_iter=100,
                   multi_class='auto', n_jobs=None, penalty='l2',
                   random_state=0, solver='lbfgs', tol=0.0001, verbose=0,
                   warm_start=False)",,,,,,,0.1,auto,l1,liblinear,,,,0.01531282732849527,-0.809679977714184
"LogisticRegression(C=1.0, class_weight=None, dual=False, fit_intercept=True,
                   intercept_scaling=1, l1_ratio=None, max_iter=100,
                   multi_class='auto', n_jobs=None, penalty='l2',
                   random_state=0, solver='lbfgs', tol=0.0001, verbose=0,
                   warm_start=False)",,,,,,,100.0,auto,l1,liblinear,,,,0.10212277059817873,-0.8202377938884827
"SVC(C=1.0, break_ties=False, cache_size=200, class_weight=None, coef0=0.0,
    decision_function_shape='ovr', degree=3, gamma='scale', kernel='rbf',
    max_iter=-1, probability=True, random_state=0, shrinking=True, tol=0.001,
    verbose=False)",,,,,,,0.01,,,,,rbf,scale,0.019678547295548486,-0.8266825432033355
"SVC(C=1.0, break_ties=False, cache_size=200, class_weight=None, coef0=0.0,
    decision_function_shape='ovr', degree=3, gamma='scale', kernel='rbf',
    max_iter=-1, probability=True, random_state=0, shrinking=True, tol=0.001,
    verbose=False)",,,,,,,0.01,,,,,rbf,auto,0.019678547295548673,-0.8266825432033359
"SVC(C=1.0, break_ties=False, cache_size=200, class_weight=None, coef0=0.0,
    decision_function_shape='ovr', degree=3, gamma='scale', kernel='rbf',
    max_iter=-1, probability=True, random_state=0, shrinking=True, tol=0.001,
    verbose=False)",,,,,,,1.0,,,,,poly,auto,0.04959593937810337,-0.8387133241161582
"SVC(C=1.0, break_ties=False, cache_size=200, class_weight=None, coef0=0.0,
    decision_function_shape='ovr', degree=3, gamma='scale', kernel='rbf',
    max_iter=-1, probability=True, random_state=0, shrinking=True, tol=0.001,
    verbose=False)",,,,,,,1.0,,,,,poly,scale,0.04959593937810343,-0.8387133241161583
"SVC(C=1.0, break_ties=False, cache_size=200, class_weight=None, coef0=0.0,
    decision_function_shape='ovr', degree=3, gamma='scale', kernel='rbf',
    max_iter=-1, probability=True, random_state=0, shrinking=True, tol=0.001,
    verbose=False)",,,,,,,0.001,,,,,rbf,auto,0.02023220042889728,-0.8395058031129946
"SVC(C=1.0, break_ties=False, cache_size=200, class_weight=None, coef0=0.0,
    decision_function_shape='ovr', degree=3, gamma='scale', kernel='rbf',
    max_iter=-1, probability=True, random_state=0, shrinking=True, tol=0.001,
    verbose=False)",,,,,,,0.001,,,,,rbf,scale,0.020232200428899633,-0.8395058031130015
"SVC(C=1.0, break_ties=False, cache_size=200, class_weight=None, coef0=0.0,
    decision_function_shape='ovr', degree=3, gamma='scale', kernel='rbf',
    max_iter=-1, probability=True, random_state=0, shrinking=True, tol=0.001,
    verbose=False)",,,,,,,0.01,,,,,sigmoid,scale,0.03760001614387642,-0.8397245977251545
"SVC(C=1.0, break_ties=False, cache_size=200, class_weight=None, coef0=0.0,
    decision_function_shape='ovr', degree=3, gamma='scale', kernel='rbf',
    max_iter=-1, probability=True, random_state=0, shrinking=True, tol=0.001,
    verbose=False)",,,,,,,0.01,,,,,sigmoid,auto,0.03761446569055934,-0.8397548922396031
"SVC(C=1.0, break_ties=False, cache_size=200, class_weight=None, coef0=0.0,
    decision_function_shape='ovr', degree=3, gamma='scale', kernel='rbf',
    max_iter=-1, probability=True, random_state=0, shrinking=True, tol=0.001,
    verbose=False)",,,,,,,0.001,,,,,sigmoid,scale,0.03167360776680809,-0.864621246103887
"SVC(C=1.0, break_ties=False, cache_size=200, class_weight=None, coef0=0.0,
    decision_function_shape='ovr', degree=3, gamma='scale', kernel='rbf',
    max_iter=-1, probability=True, random_state=0, shrinking=True, tol=0.001,
    verbose=False)",,,,,,,0.001,,,,,sigmoid,auto,0.03167360776681769,-0.8646212461039038
"SVC(C=1.0, break_ties=False, cache_size=200, class_weight=None, coef0=0.0,
    decision_function_shape='ovr', degree=3, gamma='scale', kernel='rbf',
    max_iter=-1, probability=True, random_state=0, shrinking=True, tol=0.001,
    verbose=False)",,,,,,,100.0,,,,,sigmoid,auto,0.12021371525213928,-0.891160794044742
"SVC(C=1.0, break_ties=False, cache_size=200, class_weight=None, coef0=0.0,
    decision_function_shape='ovr', degree=3, gamma='scale', kernel='rbf',
    max_iter=-1, probability=True, random_state=0, shrinking=True, tol=0.001,
    verbose=False)",,,,,,,100.0,,,,,sigmoid,scale,0.12024340964777987,-0.8911842101060187
"LogisticRegression(C=1.0, class_weight=None, dual=False, fit_intercept=True,
                   intercept_scaling=1, l1_ratio=None, max_iter=100,
                   multi_class='auto', n_jobs=None, penalty='l2',
                   random_state=0, solver='lbfgs', tol=0.0001, verbose=0,
                   warm_start=False)",,,,,,,0.01,auto,elasticnet,saga,0.2,,,0.02049593034951219,-0.9083819653019793
"LogisticRegression(C=1.0, class_weight=None, dual=False, fit_intercept=True,
                   intercept_scaling=1, l1_ratio=None, max_iter=100,
                   multi_class='auto', n_jobs=None, penalty='l2',
                   random_state=0, solver='lbfgs', tol=0.0001, verbose=0,
                   warm_start=False)",,,,,,,1000.0,auto,l1,liblinear,,,,0.19529969883374693,-0.9556384131585159
"SVC(C=1.0, break_ties=False, cache_size=200, class_weight=None, coef0=0.0,
    decision_function_shape='ovr', degree=3, gamma='scale', kernel='rbf',
    max_iter=-1, probability=True, random_state=0, shrinking=True, tol=0.001,
    verbose=False)",,,,,,,0.1,,,,,poly,auto,0.06428469574159688,-0.9807260412221825
"SVC(C=1.0, break_ties=False, cache_size=200, class_weight=None, coef0=0.0,
    decision_function_shape='ovr', degree=3, gamma='scale', kernel='rbf',
    max_iter=-1, probability=True, random_state=0, shrinking=True, tol=0.001,
    verbose=False)",,,,,,,0.1,,,,,poly,scale,0.06428469574159673,-0.980726041222183
"RandomForestClassifier(bootstrap=True, ccp_alpha=0.0, class_weight=None,
                       criterion='gini', max_depth=None, max_features='auto',
                       max_leaf_nodes=None, max_samples=None,
                       min_impurity_decrease=0.0, min_impurity_split=None,
                       min_samples_leaf=1, min_samples_split=2,
                       min_weight_fraction_leaf=0.0, n_estimators=1000,
                       n_jobs=None, oob_score=False, random_state=0, verbose=0,
                       warm_start=False)",gini,,,,,10.0,,,,,,,,0.24610206282557717,-0.9845025319014065
"SVC(C=1.0, break_ties=False, cache_size=200, class_weight=None, coef0=0.0,
    decision_function_shape='ovr', degree=3, gamma='scale', kernel='rbf',
    max_iter=-1, probability=True, random_state=0, shrinking=True, tol=0.001,
    verbose=False)",,,,,,,1000.0,,,,,sigmoid,auto,0.1774389918881909,-0.9959412758763132
"SVC(C=1.0, break_ties=False, cache_size=200, class_weight=None, coef0=0.0,
    decision_function_shape='ovr', degree=3, gamma='scale', kernel='rbf',
    max_iter=-1, probability=True, random_state=0, shrinking=True, tol=0.001,
    verbose=False)",,,,,,,1000.0,,,,,sigmoid,scale,0.17747959924096496,-0.9959746601398661
"LogisticRegression(C=1.0, class_weight=None, dual=False, fit_intercept=True,
                   intercept_scaling=1, l1_ratio=None, max_iter=100,
                   multi_class='auto', n_jobs=None, penalty='l2',
                   random_state=0, solver='lbfgs', tol=0.0001, verbose=0,
                   warm_start=False)",,,,,,,100.0,auto,l2,newton-cg,,,,0.04484164626713598,-1.0392139427985678
"KNeighborsClassifier(algorithm='auto', leaf_size=30, metric='minkowski',
                     metric_params=None, n_jobs=None, n_neighbors=5, p=2,
                     weights='uniform')",,,13.0,2.0,distance,,,,,,,,,0.3827403597957803,-1.0919318245790621
"LogisticRegression(C=1.0, class_weight=None, dual=False, fit_intercept=True,
                   intercept_scaling=1, l1_ratio=None, max_iter=100,
                   multi_class='auto', n_jobs=None, penalty='l2',
                   random_state=0, solver='lbfgs', tol=0.0001, verbose=0,
                   warm_start=False)",,,,,,,0.01,auto,elasticnet,saga,0.3,,,0.024914638889773896,-1.0973645062973687
"KNeighborsClassifier(algorithm='auto', leaf_size=30, metric='minkowski',
                     metric_params=None, n_jobs=None, n_neighbors=5, p=2,
                     weights='uniform')",,,13.0,2.0,uniform,,,,,,,,,0.3802721780635858,-1.1238905760783682
"SVC(C=1.0, break_ties=False, cache_size=200, class_weight=None, coef0=0.0,
    decision_function_shape='ovr', degree=3, gamma='scale', kernel='rbf',
    max_iter=-1, probability=True, random_state=0, shrinking=True, tol=0.001,
    verbose=False)",,,,,,,0.01,,,,,poly,scale,0.06668244668298269,-1.142718408055261
"SVC(C=1.0, break_ties=False, cache_size=200, class_weight=None, coef0=0.0,
    decision_function_shape='ovr', degree=3, gamma='scale', kernel='rbf',
    max_iter=-1, probability=True, random_state=0, shrinking=True, tol=0.001,
    verbose=False)",,,,,,,0.01,,,,,poly,auto,0.06668244668300015,-1.1427184080553014
"KNeighborsClassifier(algorithm='auto', leaf_size=30, metric='minkowski',
                     metric_params=None, n_jobs=None, n_neighbors=5, p=2,
                     weights='uniform')",,,11.0,2.0,distance,,,,,,,,,0.3579942983755301,-1.1567181915159201
"KNeighborsClassifier(algorithm='auto', leaf_size=30, metric='minkowski',
                     metric_params=None, n_jobs=None, n_neighbors=5, p=2,
                     weights='uniform')",,,13.0,3.0,distance,,,,,,,,,0.3754929996918142,-1.1753403115934324
"KNeighborsClassifier(algorithm='auto', leaf_size=30, metric='minkowski',
                     metric_params=None, n_jobs=None, n_neighbors=5, p=2,
                     weights='uniform')",,,11.0,2.0,uniform,,,,,,,,,0.35607712811886194,-1.1843222676739535
"KNeighborsClassifier(algorithm='auto', leaf_size=30, metric='minkowski',
                     metric_params=None, n_jobs=None, n_neighbors=5, p=2,
                     weights='uniform')",,,13.0,3.0,uniform,,,,,,,,,0.37314782788459844,-1.2083569911496248
"KNeighborsClassifier(algorithm='auto', leaf_size=30, metric='minkowski',
                     metric_params=None, n_jobs=None, n_neighbors=5, p=2,
                     weights='uniform')",,,10.0,2.0,distance,,,,,,,,,0.4530153590476559,-1.2277145850625033
"KNeighborsClassifier(algorithm='auto', leaf_size=30, metric='minkowski',
                     metric_params=None, n_jobs=None, n_neighbors=5, p=2,
                     weights='uniform')",,,10.0,3.0,distance,,,,,,,,,0.4561189045625976,-1.2308385834676552
"KNeighborsClassifier(algorithm='auto', leaf_size=30, metric='minkowski',
                     metric_params=None, n_jobs=None, n_neighbors=5, p=2,
                     weights='uniform')",,,13.0,4.0,distance,,,,,,,,,0.37774033300339305,-1.23619326373458
"KNeighborsClassifier(algorithm='auto', leaf_size=30, metric='minkowski',
                     metric_params=None, n_jobs=None, n_neighbors=5, p=2,
                     weights='uniform')",,,11.0,3.0,distance,,,,,,,,,0.4531289705943467,-1.2385272192815617
"LogisticRegression(C=1.0, class_weight=None, dual=False, fit_intercept=True,
                   intercept_scaling=1, l1_ratio=None, max_iter=100,
                   multi_class='auto', n_jobs=None, penalty='l2',
                   random_state=0, solver='lbfgs', tol=0.0001, verbose=0,
                   warm_start=False)",,,,,,,1000.0,auto,l2,newton-cg,,,,0.09291921697637737,-1.2492579095734135
"KNeighborsClassifier(algorithm='auto', leaf_size=30, metric='minkowski',
                     metric_params=None, n_jobs=None, n_neighbors=5, p=2,
                     weights='uniform')",,,10.0,2.0,uniform,,,,,,,,,0.4506609429335606,-1.2528186796828744
"KNeighborsClassifier(algorithm='auto', leaf_size=30, metric='minkowski',
                     metric_params=None, n_jobs=None, n_neighbors=5, p=2,
                     weights='uniform')",,,10.0,3.0,uniform,,,,,,,,,0.4556958605502296,-1.2566643032480591
"KNeighborsClassifier(algorithm='auto', leaf_size=30, metric='minkowski',
                     metric_params=None, n_jobs=None, n_neighbors=5, p=2,
                     weights='uniform')",,,9.0,2.0,distance,,,,,,,,,0.43612325355353476,-1.2569221777922661
"KNeighborsClassifier(algorithm='auto', leaf_size=30, metric='minkowski',
                     metric_params=None, n_jobs=None, n_neighbors=5, p=2,
                     weights='uniform')",,,9.0,3.0,distance,,,,,,,,,0.4429159812531599,-1.2623852694445632
"KNeighborsClassifier(algorithm='auto', leaf_size=30, metric='minkowski',
                     metric_params=None, n_jobs=None, n_neighbors=5, p=2,
                     weights='uniform')",,,11.0,3.0,uniform,,,,,,,,,0.4520915037025173,-1.2670754092576453
"KNeighborsClassifier(algorithm='auto', leaf_size=30, metric='minkowski',
                     metric_params=None, n_jobs=None, n_neighbors=5, p=2,
                     weights='uniform')",,,13.0,4.0,uniform,,,,,,,,,0.37537226418725533,-1.2702921796015683
"KNeighborsClassifier(algorithm='auto', leaf_size=30, metric='minkowski',
                     metric_params=None, n_jobs=None, n_neighbors=5, p=2,
                     weights='uniform')",,,9.0,2.0,uniform,,,,,,,,,0.43298106335664194,-1.2791454978953551
"LogisticRegression(C=1.0, class_weight=None, dual=False, fit_intercept=True,
                   intercept_scaling=1, l1_ratio=None, max_iter=100,
                   multi_class='auto', n_jobs=None, penalty='l2',
                   random_state=0, solver='lbfgs', tol=0.0001, verbose=0,
                   warm_start=False)",,,,,,,0.01,auto,elasticnet,saga,0.4,,,0.02527723773985304,-1.2846086335430171
"KNeighborsClassifier(algorithm='auto', leaf_size=30, metric='minkowski',
                     metric_params=None, n_jobs=None, n_neighbors=5, p=2,
                     weights='uniform')",,,9.0,3.0,uniform,,,,,,,,,0.442255948583785,-1.2860678434753787
"KNeighborsClassifier(algorithm='auto', leaf_size=30, metric='minkowski',
                     metric_params=None, n_jobs=None, n_neighbors=5, p=2,
                     weights='uniform')",,,11.0,4.0,distance,,,,,,,,,0.4801827756317795,-1.3374961925366948
"KNeighborsClassifier(algorithm='auto', leaf_size=30, metric='minkowski',
                     metric_params=None, n_jobs=None, n_neighbors=5, p=2,
                     weights='uniform')",,,9.0,4.0,distance,,,,,,,,,0.474991524565933,-1.3571458518279444
"KNeighborsClassifier(algorithm='auto', leaf_size=30, metric='minkowski',
                     metric_params=None, n_jobs=None, n_neighbors=5, p=2,
                     weights='uniform')",,,7.0,3.0,distance,,,,,,,,,0.4351964295209459,-1.3596596881385916
"KNeighborsClassifier(algorithm='auto', leaf_size=30, metric='minkowski',
                     metric_params=None, n_jobs=None, n_neighbors=5, p=2,
                     weights='uniform')",,,11.0,4.0,uniform,,,,,,,,,0.4765645804314965,-1.366224186812479
"KNeighborsClassifier(algorithm='auto', leaf_size=30, metric='minkowski',
                     metric_params=None, n_jobs=None, n_neighbors=5, p=2,
                     weights='uniform')",,,10.0,4.0,distance,,,,,,,,,0.47120582436496233,-1.3675915848384257
"KNeighborsClassifier(algorithm='auto', leaf_size=30, metric='minkowski',
                     metric_params=None, n_jobs=None, n_neighbors=5, p=2,
                     weights='uniform')",,,7.0,3.0,uniform,,,,,,,,,0.4354950036760789,-1.3758741739586706
"KNeighborsClassifier(algorithm='auto', leaf_size=30, metric='minkowski',
                     metric_params=None, n_jobs=None, n_neighbors=5, p=2,
                     weights='uniform')",,,9.0,4.0,uniform,,,,,,,,,0.47318479066924385,-1.3804287380604072
"KNeighborsClassifier(algorithm='auto', leaf_size=30, metric='minkowski',
                     metric_params=None, n_jobs=None, n_neighbors=5, p=2,
                     weights='uniform')",,,10.0,4.0,uniform,,,,,,,,,0.4677638232974435,-1.393660200372488
"KNeighborsClassifier(algorithm='auto', leaf_size=30, metric='minkowski',
                     metric_params=None, n_jobs=None, n_neighbors=5, p=2,
                     weights='uniform')",,,13.0,1.0,distance,,,,,,,,,0.25165634940533316,-1.4149285093497501
"SVC(C=1.0, break_ties=False, cache_size=200, class_weight=None, coef0=0.0,
    decision_function_shape='ovr', degree=3, gamma='scale', kernel='rbf',
    max_iter=-1, probability=True, random_state=0, shrinking=True, tol=0.001,
    verbose=False)",,,,,,,0.001,,,,,poly,auto,0.05864135472816947,-1.4250754984558236
"SVC(C=1.0, break_ties=False, cache_size=200, class_weight=None, coef0=0.0,
    decision_function_shape='ovr', degree=3, gamma='scale', kernel='rbf',
    max_iter=-1, probability=True, random_state=0, shrinking=True, tol=0.001,
    verbose=False)",,,,,,,0.001,,,,,poly,scale,0.0586413547279374,-1.4250754984560674
"KNeighborsClassifier(algorithm='auto', leaf_size=30, metric='minkowski',
                     metric_params=None, n_jobs=None, n_neighbors=5, p=2,
                     weights='uniform')",,,11.0,1.0,distance,,,,,,,,,0.30553463104904943,-1.4353880940689523
"LogisticRegression(C=1.0, class_weight=None, dual=False, fit_intercept=True,
                   intercept_scaling=1, l1_ratio=None, max_iter=100,
                   multi_class='auto', n_jobs=None, penalty='l2',
                   random_state=0, solver='lbfgs', tol=0.0001, verbose=0,
                   warm_start=False)",,,,,,,0.01,auto,elasticnet,saga,0.5,,,0.022820947247482005,-1.4391342934469311
"KNeighborsClassifier(algorithm='auto', leaf_size=30, metric='minkowski',
                     metric_params=None, n_jobs=None, n_neighbors=5, p=2,
                     weights='uniform')",,,7.0,2.0,distance,,,,,,,,,0.3578290438169826,-1.4447129828679561
"KNeighborsClassifier(algorithm='auto', leaf_size=30, metric='minkowski',
                     metric_params=None, n_jobs=None, n_neighbors=5, p=2,
                     weights='uniform')",,,9.0,1.0,distance,,,,,,,,,0.25325421245235424,-1.4498908441132754
"KNeighborsClassifier(algorithm='auto', leaf_size=30, metric='minkowski',
                     metric_params=None, n_jobs=None, n_neighbors=5, p=2,
                     weights='uniform')",,,13.0,1.0,uniform,,,,,,,,,0.2520312640693347,-1.450466467174794
"KNeighborsClassifier(algorithm='auto', leaf_size=30, metric='minkowski',
                     metric_params=None, n_jobs=None, n_neighbors=5, p=2,
                     weights='uniform')",,,7.0,2.0,uniform,,,,,,,,,0.3560810477818071,-1.462372187082914
"KNeighborsClassifier(algorithm='auto', leaf_size=30, metric='minkowski',
                     metric_params=None, n_jobs=None, n_neighbors=5, p=2,
                     weights='uniform')",,,10.0,1.0,distance,,,,,,,,,0.2526425161570007,-1.462748878223908
"KNeighborsClassifier(algorithm='auto', leaf_size=30, metric='minkowski',
                     metric_params=None, n_jobs=None, n_neighbors=5, p=2,
                     weights='uniform')",,,11.0,1.0,uniform,,,,,,,,,0.3072835605527642,-1.4656778738915495
"KNeighborsClassifier(algorithm='auto', leaf_size=30, metric='minkowski',
                     metric_params=None, n_jobs=None, n_neighbors=5, p=2,
                     weights='uniform')",,,9.0,1.0,uniform,,,,,,,,,0.2559194755100421,-1.473526865194558
"KNeighborsClassifier(algorithm='auto', leaf_size=30, metric='minkowski',
                     metric_params=None, n_jobs=None, n_neighbors=5, p=2,
                     weights='uniform')",,,10.0,1.0,uniform,,,,,,,,,0.2554170346136353,-1.4897358325903076
"KNeighborsClassifier(algorithm='auto', leaf_size=30, metric='minkowski',
                     metric_params=None, n_jobs=None, n_neighbors=5, p=2,
                     weights='uniform')",,,5.0,3.0,distance,,,,,,,,,0.3981565677108616,-1.4997289569399423
"KNeighborsClassifier(algorithm='auto', leaf_size=30, metric='minkowski',
                     metric_params=None, n_jobs=None, n_neighbors=5, p=2,
                     weights='uniform')",,,5.0,3.0,uniform,,,,,,,,,0.39907402247110263,-1.5112878122371962
"KNeighborsClassifier(algorithm='auto', leaf_size=30, metric='minkowski',
                     metric_params=None, n_jobs=None, n_neighbors=5, p=2,
                     weights='uniform')",,,7.0,4.0,distance,,,,,,,,,0.4760015231878074,-1.5460532945767207
"KNeighborsClassifier(algorithm='auto', leaf_size=30, metric='minkowski',
                     metric_params=None, n_jobs=None, n_neighbors=5, p=2,
                     weights='uniform')",,,7.0,4.0,uniform,,,,,,,,,0.4745422989360384,-1.5639460983043052
"LogisticRegression(C=1.0, class_weight=None, dual=False, fit_intercept=True,
                   intercept_scaling=1, l1_ratio=None, max_iter=100,
                   multi_class='auto', n_jobs=None, penalty='l2',
                   random_state=0, solver='lbfgs', tol=0.0001, verbose=0,
                   warm_start=False)",,,,,,,0.01,auto,elasticnet,saga,0.6,,,0.018607822465870883,-1.5808177597790605
"KNeighborsClassifier(algorithm='auto', leaf_size=30, metric='minkowski',
                     metric_params=None, n_jobs=None, n_neighbors=5, p=2,
                     weights='uniform')",,,7.0,1.0,distance,,,,,,,,,0.19487921253120508,-1.5894694356967387
"KNeighborsClassifier(algorithm='auto', leaf_size=30, metric='minkowski',
                     metric_params=None, n_jobs=None, n_neighbors=5, p=2,
                     weights='uniform')",,,7.0,1.0,uniform,,,,,,,,,0.19601332672968494,-1.6068937978289355
"KNeighborsClassifier(algorithm='auto', leaf_size=30, metric='minkowski',
                     metric_params=None, n_jobs=None, n_neighbors=5, p=2,
                     weights='uniform')",,,5.0,4.0,distance,,,,,,,,,0.4578981218315172,-1.6448302639358987
"KNeighborsClassifier(algorithm='auto', leaf_size=30, metric='minkowski',
                     metric_params=None, n_jobs=None, n_neighbors=5, p=2,
                     weights='uniform')",,,5.0,4.0,uniform,,,,,,,,,0.4565769860687467,-1.657527633917237
"KNeighborsClassifier(algorithm='auto', leaf_size=30, metric='minkowski',
                     metric_params=None, n_jobs=None, n_neighbors=5, p=2,
                     weights='uniform')",,,5.0,2.0,distance,,,,,,,,,0.35240941802150144,-1.6721819644686569
"KNeighborsClassifier(algorithm='auto', leaf_size=30, metric='minkowski',
                     metric_params=None, n_jobs=None, n_neighbors=5, p=2,
                     weights='uniform')",,,5.0,2.0,uniform,,,,,,,,,0.3530519244620332,-1.6848615906252506
"LogisticRegression(C=1.0, class_weight=None, dual=False, fit_intercept=True,
                   intercept_scaling=1, l1_ratio=None, max_iter=100,
                   multi_class='auto', n_jobs=None, penalty='l2',
                   random_state=0, solver='lbfgs', tol=0.0001, verbose=0,
                   warm_start=False)",,,,,,,0.01,auto,elasticnet,saga,0.7,,,0.014079559178710297,-1.7050688369449685
"LogisticRegression(C=1.0, class_weight=None, dual=False, fit_intercept=True,
                   intercept_scaling=1, l1_ratio=None, max_iter=100,
                   multi_class='auto', n_jobs=None, penalty='l2',
                   random_state=0, solver='lbfgs', tol=0.0001, verbose=0,
                   warm_start=False)",,,,,,,0.01,auto,elasticnet,saga,0.8,,,0.01120380928599409,-1.8037768054000696
"LogisticRegression(C=1.0, class_weight=None, dual=False, fit_intercept=True,
                   intercept_scaling=1, l1_ratio=None, max_iter=100,
                   multi_class='auto', n_jobs=None, penalty='l2',
                   random_state=0, solver='lbfgs', tol=0.0001, verbose=0,
                   warm_start=False)",,,,,,,0.01,auto,elasticnet,saga,0.9,,,0.011835883391815145,-1.8659683846568296
"KNeighborsClassifier(algorithm='auto', leaf_size=30, metric='minkowski',
                     metric_params=None, n_jobs=None, n_neighbors=5, p=2,
                     weights='uniform')",,,5.0,1.0,distance,,,,,,,,,0.14896601351983785,-1.901688423645255
"KNeighborsClassifier(algorithm='auto', leaf_size=30, metric='minkowski',
                     metric_params=None, n_jobs=None, n_neighbors=5, p=2,
                     weights='uniform')",,,5.0,1.0,uniform,,,,,,,,,0.1485603525758261,-1.9155048663400895
"KNeighborsClassifier(algorithm='auto', leaf_size=30, metric='minkowski',
                     metric_params=None, n_jobs=None, n_neighbors=5, p=2,
                     weights='uniform')",,,3.0,4.0,distance,,,,,,,,,0.4680695047491592,-1.9898464399630642
"KNeighborsClassifier(algorithm='auto', leaf_size=30, metric='minkowski',
                     metric_params=None, n_jobs=None, n_neighbors=5, p=2,
                     weights='uniform')",,,3.0,4.0,uniform,,,,,,,,,0.46874288339841175,-1.99884483461649
"LogisticRegression(C=1.0, class_weight=None, dual=False, fit_intercept=True,
                   intercept_scaling=1, l1_ratio=None, max_iter=100,
                   multi_class='auto', n_jobs=None, penalty='l2',
                   random_state=0, solver='lbfgs', tol=0.0001, verbose=0,
                   warm_start=False)",,,,,,,0.001,auto,elasticnet,saga,0.1,,,0.01155856151992875,-2.105138251373972
"KNeighborsClassifier(algorithm='auto', leaf_size=30, metric='minkowski',
                     metric_params=None, n_jobs=None, n_neighbors=5, p=2,
                     weights='uniform')",,,3.0,3.0,distance,,,,,,,,,0.28948992636077264,-2.1111895311497926
"KNeighborsClassifier(algorithm='auto', leaf_size=30, metric='minkowski',
                     metric_params=None, n_jobs=None, n_neighbors=5, p=2,
                     weights='uniform')",,,3.0,3.0,uniform,,,,,,,,,0.29109452512442274,-2.1195593203318714
"KNeighborsClassifier(algorithm='auto', leaf_size=30, metric='minkowski',
                     metric_params=None, n_jobs=None, n_neighbors=5, p=2,
                     weights='uniform')",,,3.0,2.0,distance,,,,,,,,,0.43421826698331206,-2.158401046011421
"KNeighborsClassifier(algorithm='auto', leaf_size=30, metric='minkowski',
                     metric_params=None, n_jobs=None, n_neighbors=5, p=2,
                     weights='uniform')",,,3.0,2.0,uniform,,,,,,,,,0.43569446661672395,-2.167579373478846
"LogisticRegression(C=1.0, class_weight=None, dual=False, fit_intercept=True,
                   intercept_scaling=1, l1_ratio=None, max_iter=100,
                   multi_class='auto', n_jobs=None, penalty='l2',
                   random_state=0, solver='lbfgs', tol=0.0001, verbose=0,
                   warm_start=False)",,,,,,,0.01,auto,l1,liblinear,,,,0.004129790062435878,-2.208594213910959
"KNeighborsClassifier(algorithm='auto', leaf_size=30, metric='minkowski',
                     metric_params=None, n_jobs=None, n_neighbors=5, p=2,
                     weights='uniform')",,,3.0,1.0,distance,,,,,,,,,0.38030351164289816,-2.384694029982056
"KNeighborsClassifier(algorithm='auto', leaf_size=30, metric='minkowski',
                     metric_params=None, n_jobs=None, n_neighbors=5, p=2,
                     weights='uniform')",,,3.0,1.0,uniform,,,,,,,,,0.38134723796634135,-2.3930801526335324
"LogisticRegression(C=1.0, class_weight=None, dual=False, fit_intercept=True,
                   intercept_scaling=1, l1_ratio=None, max_iter=100,
                   multi_class='auto', n_jobs=None, penalty='l2',
                   random_state=0, solver='lbfgs', tol=0.0001, verbose=0,
                   warm_start=False)",,,,,,,0.001,auto,elasticnet,saga,0.2,,,0.00411067431763404,-2.6079262680821804
"LogisticRegression(C=1.0, class_weight=None, dual=False, fit_intercept=True,
                   intercept_scaling=1, l1_ratio=None, max_iter=100,
                   multi_class='auto', n_jobs=None, penalty='l2',
                   random_state=0, solver='lbfgs', tol=0.0001, verbose=0,
                   warm_start=False)",,,,,,,0.001,auto,elasticnet,saga,0.3,,,0.0025911019308209535,-2.6262489850324426
"LogisticRegression(C=1.0, class_weight=None, dual=False, fit_intercept=True,
                   intercept_scaling=1, l1_ratio=None, max_iter=100,
                   multi_class='auto', n_jobs=None, penalty='l2',
                   random_state=0, solver='lbfgs', tol=0.0001, verbose=0,
                   warm_start=False)",,,,,,,0.001,auto,elasticnet,saga,0.4,,,0.005172352478673352,-2.6281292997600447
"LogisticRegression(C=1.0, class_weight=None, dual=False, fit_intercept=True,
                   intercept_scaling=1, l1_ratio=None, max_iter=100,
                   multi_class='auto', n_jobs=None, penalty='l2',
                   random_state=0, solver='lbfgs', tol=0.0001, verbose=0,
                   warm_start=False)",,,,,,,0.001,auto,elasticnet,saga,0.6,,,0.005465099350814003,-2.628909032782822
"LogisticRegression(C=1.0, class_weight=None, dual=False, fit_intercept=True,
                   intercept_scaling=1, l1_ratio=None, max_iter=100,
                   multi_class='auto', n_jobs=None, penalty='l2',
                   random_state=0, solver='lbfgs', tol=0.0001, verbose=0,
                   warm_start=False)",,,,,,,0.001,auto,elasticnet,saga,0.5,,,0.0053798569058084045,-2.6290308339259076
"LogisticRegression(C=1.0, class_weight=None, dual=False, fit_intercept=True,
                   intercept_scaling=1, l1_ratio=None, max_iter=100,
                   multi_class='auto', n_jobs=None, penalty='l2',
                   random_state=0, solver='lbfgs', tol=0.0001, verbose=0,
                   warm_start=False)",,,,,,,0.001,auto,elasticnet,saga,0.9,,,0.003920972962752331,-2.632241002375598
"LogisticRegression(C=1.0, class_weight=None, dual=False, fit_intercept=True,
                   intercept_scaling=1, l1_ratio=None, max_iter=100,
                   multi_class='auto', n_jobs=None, penalty='l2',
                   random_state=0, solver='lbfgs', tol=0.0001, verbose=0,
                   warm_start=False)",,,,,,,0.001,auto,elasticnet,saga,0.8,,,0.003855320229261029,-2.6323276522044368
"LogisticRegression(C=1.0, class_weight=None, dual=False, fit_intercept=True,
                   intercept_scaling=1, l1_ratio=None, max_iter=100,
                   multi_class='auto', n_jobs=None, penalty='l2',
                   random_state=0, solver='lbfgs', tol=0.0001, verbose=0,
                   warm_start=False)",,,,,,,0.001,auto,elasticnet,saga,0.7,,,0.003791803227252816,-2.6324120472769774
"LogisticRegression(C=1.0, class_weight=None, dual=False, fit_intercept=True,
                   intercept_scaling=1, l1_ratio=None, max_iter=100,
                   multi_class='auto', n_jobs=None, penalty='l2',
                   random_state=0, solver='lbfgs', tol=0.0001, verbose=0,
                   warm_start=False)",,,,,,,0.001,auto,l1,liblinear,,,,0.0,-2.6390573296152584
"KNeighborsClassifier(algorithm='auto', leaf_size=30, metric='minkowski',
                     metric_params=None, n_jobs=None, n_neighbors=5, p=2,
                     weights='uniform')",,,1.0,4.0,distance,,,,,,,,,0.7414500199573578,-3.6301786313708684
"KNeighborsClassifier(algorithm='auto', leaf_size=30, metric='minkowski',
                     metric_params=None, n_jobs=None, n_neighbors=5, p=2,
                     weights='uniform')",,,1.0,4.0,uniform,,,,,,,,,0.7414500199573578,-3.6301786313708684
"KNeighborsClassifier(algorithm='auto', leaf_size=30, metric='minkowski',
                     metric_params=None, n_jobs=None, n_neighbors=5, p=2,
                     weights='uniform')",,,1.0,2.0,distance,,,,,,,,,0.3905035751326922,-3.7184922395157787
"KNeighborsClassifier(algorithm='auto', leaf_size=30, metric='minkowski',
                     metric_params=None, n_jobs=None, n_neighbors=5, p=2,
                     weights='uniform')",,,1.0,2.0,uniform,,,,,,,,,0.3905035751326922,-3.7184922395157787
"KNeighborsClassifier(algorithm='auto', leaf_size=30, metric='minkowski',
                     metric_params=None, n_jobs=None, n_neighbors=5, p=2,
                     weights='uniform')",,,1.0,3.0,distance,,,,,,,,,0.6836899535197011,-3.809136022018074
"KNeighborsClassifier(algorithm='auto', leaf_size=30, metric='minkowski',
                     metric_params=None, n_jobs=None, n_neighbors=5, p=2,
                     weights='uniform')",,,1.0,3.0,uniform,,,,,,,,,0.6836899535197011,-3.809136022018074
"KNeighborsClassifier(algorithm='auto', leaf_size=30, metric='minkowski',
                     metric_params=None, n_jobs=None, n_neighbors=5, p=2,
                     weights='uniform')",,,1.0,1.0,distance,,,,,,,,,0.2079940049971338,-4.21132411610281
"KNeighborsClassifier(algorithm='auto', leaf_size=30, metric='minkowski',
                     metric_params=None, n_jobs=None, n_neighbors=5, p=2,
                     weights='uniform')",,,1.0,1.0,uniform,,,,,,,,,0.2079940049971338,-4.21132411610281
"DecisionTreeClassifier(ccp_alpha=0.0, class_weight=None, criterion='gini',
                       max_depth=None, max_features=None, max_leaf_nodes=None,
                       min_impurity_decrease=0.0, min_impurity_split=None,
                       min_samples_leaf=1, min_samples_split=2,
                       min_weight_fraction_leaf=0.0, presort='deprecated',
                       random_state=0, splitter='best')",entropy,random,,,,,,,,,,,,0.896469741037405,-4.391213576492969
"DecisionTreeClassifier(ccp_alpha=0.0, class_weight=None, criterion='gini',
                       max_depth=None, max_features=None, max_leaf_nodes=None,
                       min_impurity_decrease=0.0, min_impurity_split=None,
                       min_samples_leaf=1, min_samples_split=2,
                       min_weight_fraction_leaf=0.0, presort='deprecated',
                       random_state=0, splitter='best')",gini,random,,,,,,,,,,,,0.6848326144059479,-4.480226236945095
"DecisionTreeClassifier(ccp_alpha=0.0, class_weight=None, criterion='gini',
                       max_depth=None, max_features=None, max_leaf_nodes=None,
                       min_impurity_decrease=0.0, min_impurity_split=None,
                       min_samples_leaf=1, min_samples_split=2,
                       min_weight_fraction_leaf=0.0, presort='deprecated',
                       random_state=0, splitter='best')",gini,best,,,,,,,,,,,,1.1891645486788234,-4.657319488106392
"DecisionTreeClassifier(ccp_alpha=0.0, class_weight=None, criterion='gini',
                       max_depth=None, max_features=None, max_leaf_nodes=None,
                       min_impurity_decrease=0.0, min_impurity_split=None,
                       min_samples_leaf=1, min_samples_split=2,
                       min_weight_fraction_leaf=0.0, presort='deprecated',
                       random_state=0, splitter='best')",entropy,best,,,,,,,,,,,,0.6534680993255901,-5.241727216938673
"GaussianNB(priors=None, var_smoothing=1e-09)",,,,,,,,,,,,,,0.6076359984741824,-7.060366091090092
